LeagueCountry;League;LeagueLevel;Club;No;Name;Value;ValueLastUpdate;HighestValue;HighestValueDate;ValueCurrency;Age;Height;Nationality;Foot;Position;Consultancy;Supplier;ClubSince;ContractUntil;Injury;International;FormerInternational;InternationalGames;InternationalGoals;StartingElevenQuote;MinutesQuote;TwPenaltySavesQuote;FsGoalParticipationQuote;Games;PointsPerGame;Goals;OwnGoals;Ins;Outs;YellowCards;YellowRedCards;RedCards;Minutes;TwGoalsConceded;TwCleanSheets;FsAssists;FsPenaltyGoals;FsMinutesPerGoal;Instagram;Source;ScrapingTime
Schweiz;Super League;1.Liga;BSC Young Boys;26.0;David von Ballmoos;2500000.0;2022-11-10;3500000.0;2019-10-07;€;28;192.0;Schweiz;rechts;Torwart;Giallanza Sport;adidas;2013-07-01;2025-06-30;KnieverletzungRückkehr unbekannt;Schweiz;;0.0;0.0;54.0;53.0;50.0;;15;2.13;0;0;0;1;0;0;0;1324;9;7;;;;http://www.instagram.com/davidvonballmoos/;https://www.transfermarkt.ch/david-von-ballmoos/profil/spieler/203124;20230422105459
Schweiz;Super League;1.Liga;BSC Young Boys;1.0;Anthony Racioppi;1300000.0;2023-03-28;2000000.0;2021-01-07;€;24;188.0;Schweiz;rechts;Torwart;Guanabara Esportes SA;;2022-01-10;2025-06-30;;;Schweiz U21;13.0;0.0;46.0;47.0;0.0;;14;1.93;0;0;1;0;0;0;0;1196;11;5;;;;http://www.instagram.com/racioppi_anthony/;https://www.transfermarkt.ch/anthony-racioppi/profil/spieler/395671;20230422105510
Schweiz;Super League;1.Liga;BSC Young Boys;33.0;Marvin Keller;500000.0;2022-12-29;500000.0;2022-12-29;€;20;190.0;Schweiz;;Torwart;IFM;;2023-02-13;2027-06-30;;Schweiz U21;;2.0;0.0;0.0;0.0;0.0;;0;;0;0;0;0;0;0;0;;0;0;;;;;https://www.transfermarkt.ch/marvin-keller/profil/spieler/500763;20230422105524
Schweiz;Super League;1.Liga;BSC Young Boys;40.0;Dario Marzino;100000.0;2023-03-28;300000.0;2021-04-21;€;26;184.0;Schweiz;rechts;Torwart;Front Group GmbH;;2022-07-08;2023-06-30;;;Schweiz U21;0.0;0.0;0.0;0.0;0.0;;0;;0;0;0;0;0;0;0;;0;0;;;;;https://www.transfermarkt.ch/dario-marzino/profil/spieler/254968;20230422105542
Schweiz;Super League;1.Liga;BSC Young Boys;61.0;Leandro Zbinden;100000.0;2022-11-10;100000.0;2021-10-04;€;20;189.0;Schweiz;;Torwart;Soccer Mondial AG;;2021-07-01;2023-06-30;unbekannte VerletzungRückkehr unbekannt;;Schweiz U15;1.0;0.0;;;;;;;;;;;;;;;;;;;;;https://www.transfermarkt.ch/leandro-zbinden/profil/spieler/507524;20230422105559
Schweiz;Super League;1.Liga;BSC Young Boys;13.0;Mohamed Camara;5000000.0;2023-03-28;5000000.0;2023-03-28;€;25;191.0;Guinea;rechts;Innenverteidiger;CAA Stellar;;2018-07-06;2024-06-30;MeniskusrissRückkehr unbekannt;Guinea;;19.0;0.0;39.0;38.0;;0.0;11;2.36;0;0;0;1;2;0;0;956;;;0;0;;http://www.instagram.com/camara_mhdali4/;https://www.transfermarkt.ch/mohamed-camara/profil/spieler/426723;20230422105615
Schweiz;Super League;1.Liga;BSC Young Boys;5.0;Cédric Zesiger;4000000.0;2023-03-28;4000000.0;2023-03-28;€;24;194.0;Schweiz;links;Innenverteidiger;IFM;adidas;2019-07-01;2025-06-30;;Schweiz;;2.0;0.0;86.0;84.0;;3.0;24;2.00;2;0;0;1;8;1;0;2126;;;0;0;1063;http://www.instagram.com/zesiger5/;https://www.transfermarkt.ch/cedric-zesiger/profil/spieler/382478;20230422105628
Schweiz;Super League;1.Liga;BSC Young Boys;30.0;Sandro Lauper;1500000.0;2022-11-10;3000000.0;2019-01-21;€;26;185.0;Schweiz;rechts;Innenverteidiger;Sport 11 AG;Nike;2018-07-01;2025-06-30;;;Schweiz;0.0;0.0;25.0;28.0;;5.0;12;2.08;1;0;5;2;0;0;0;709;;;2;0;709;http://www.instagram.com/sml.30/;https://www.transfermarkt.ch/sandro-lauper/profil/spieler/254965;20230422105641
Schweiz;Super League;1.Liga;BSC Young Boys;4.0;Aurèle Amenda;500000.0;2023-03-28;500000.0;2023-03-28;€;19;194.0;Schweiz;;Innenverteidiger;Signature - ISCM AG;adidas;2022-01-01;2025-06-30;;Schweiz U21;;1.0;0.0;18.0;21.0;;0.0;9;1.78;0;0;4;0;1;0;0;521;;;0;0;;;https://www.transfermarkt.ch/aurele-amenda/profil/spieler/635645;20230422105653
Schweiz;Super League;1.Liga;BSC Young Boys;28.0;Fabian Lustenberger;400000.0;2022-11-10;5000000.0;2014-02-12;€;34;180.0;Schweiz;rechts;Innenverteidiger;Signature - ISCM AG;;2019-07-01;2023-06-30;;;Schweiz;3.0;0.0;57.0;58.0;;0.0;20;2.25;0;0;4;4;3;0;0;1464;;;0;0;;;https://www.transfermarkt.ch/fabian-lustenberger/profil/spieler/42203;20230422105706
Schweiz;Super League;1.Liga;BSC Young Boys;21.0;Ulisses Garcia;2000000.0;2023-03-28;3000000.0;2022-01-03;€;27;183.0;Schweiz;links;Linker Verteidiger;Soccer Mondial AG;Nike;2018-07-01;2024-06-30;;;Schweiz;4.0;0.0;61.0;57.0;;11.0;19;2.00;1;0;2;5;4;0;1;1439;;;6;0;1439;http://www.instagram.com/ulissesgarcia20/;https://www.transfermarkt.ch/ulisses-garcia/profil/spieler/192616;20230422105723
Schweiz;Super League;1.Liga;BSC Young Boys;23.0;Loris Benito;800000.0;2022-11-10;4000000.0;2019-06-04;€;31;184.0;Schweiz;links;Linker Verteidiger;SBE Management AG;;2022-07-04;2025-06-30;OberschenkelverletzungRückkehr unbekannt;;Schweiz;13.0;1.0;32.0;32.0;;5.0;14;2.21;0;0;5;3;0;0;0;815;;;3;0;;http://www.instagram.com/lorisbenito/;https://www.transfermarkt.ch/loris-benito/profil/spieler/119085;20230422105735
Schweiz;Super League;1.Liga;BSC Young Boys;17.0;Kevin Rüegg;1000000.0;2022-11-10;6000000.0;2019-06-04;€;24;173.0;Schweiz;rechts;Rechter Verteidiger;SBE Management AG;Nike;2022-07-16;2023-06-30;unbekannte VerletzungRückkehr unbekannt;;Schweiz U21;17.0;0.0;25.0;22.0;;2.0;9;2.22;0;0;2;6;1;0;0;556;;;1;0;;http://www.instagram.com/kevin.rueegg;https://www.transfermarkt.ch/kevin-ruegg/profil/spieler/290032;20230422105754
Schweiz;Super League;1.Liga;BSC Young Boys;27.0;Lewin Blum;1000000.0;2022-11-10;1000000.0;2022-11-10;€;21;181.0;Schweiz;rechts;Rechter Verteidiger;IFM;;2021-07-01;2027-06-30;;Schweiz U21;;7.0;0.0;68.0;64.0;;5.0;25;2.12;0;0;6;9;7;0;0;1610;;;3;0;;;https://www.transfermarkt.ch/lewin-blum/profil/spieler/507455;20230422105812
Schweiz;Super League;1.Liga;BSC Young Boys;24.0;Quentin Maceiras;500000.0;2022-11-10;1000000.0;2018-07-12;€;27;181.0;Schweiz;rechts;Rechter Verteidiger;Gold Kick SA;;2020-08-11;2024-06-30;;;;;;11.0;13.0;;0.0;6;1.50;0;0;3;1;1;0;0;322;;;0;0;;;https://www.transfermarkt.ch/quentin-maceiras/profil/spieler/274498;20230422105825
Schweiz;Super League;1.Liga;BSC Young Boys;20.0;Cheikh Niasse;2500000.0;2022-11-10;2500000.0;2022-11-10;€;23;188.0;Senegal;rechts;Defensives Mittelfeld;DKN Agency;adidas;2022-02-03;2026-06-30;unbekannte VerletzungRückkehr unbekannt;;;;;68.0;63.0;;2.0;22;2.09;0;0;3;7;6;0;0;1588;;;1;0;;;https://www.transfermarkt.ch/cheikh-niasse/profil/spieler/644032;20230422105847
Schweiz;Super League;1.Liga;BSC Young Boys;14.0;Miguel Chaiwa;100000.0;2023-03-28;100000.0;2023-03-28;€;18;181.0;Sambia;rechts;Defensives Mittelfeld;Guanabara Esportes SA;;2022-07-01;2027-06-30;;Sambia;;1.0;0.0;0.0;3.0;;0.0;;;;;;;;;;;;;;;;;https://www.transfermarkt.ch/miguel-chaiwa/profil/spieler/956604;20230422105907
Schweiz;Super League;1.Liga;BSC Young Boys;29.0;Kastriot Imeri;7000000.0;2023-03-28;8000000.0;2022-06-08;€;22;178.0;Schweiz;rechts;Zentrales Mittelfeld;Footuro AG;adidas;2022-08-16;2026-06-30;;Schweiz U21;;20.0;7.0;48.0;49.0;;10.0;20;2.25;3;0;9;7;0;0;0;1020;;;2;0;340;;https://www.transfermarkt.ch/kastriot-imeri/profil/spieler/469957;20230422105926
Schweiz;Super League;1.Liga;BSC Young Boys;7.0;Filip Ugrinic;2700000.0;2022-11-10;2700000.0;2022-11-10;€;24;184.0;Schweiz;rechts;Linkes Mittelfeld;Soccer Mondial AG;;2022-07-01;2026-06-30;;;Schweiz U21;1.0;0.0;50.0;49.0;;6.0;21;2.14;1;0;7;8;2;0;0;1230;;;3;0;1230;;https://www.transfermarkt.ch/filip-ugrinic/profil/spieler/394236;20230422105942
Schweiz;Super League;1.Liga;BSC Young Boys;32.0;Fabian Rieder;12000000.0;2023-03-28;12000000.0;2023-03-28;€;21;181.0;Schweiz;links;Offensives Mittelfeld;IFM;;2021-01-14;2025-06-30;;Schweiz;;4.0;0.0;89.0;82.0;;14.0;26;2.00;6;0;1;12;7;0;0;2060;;;3;1;343;http://www.instagram.com/fabianriieder/;https://www.transfermarkt.ch/fabian-rieder/profil/spieler/507341;20230422110000
Schweiz;Super League;1.Liga;BSC Young Boys;22.0;Donat Rrudhani;700000.0;2022-11-10;700000.0;2022-11-10;€;23;186.0;Kosovo;links;Linksaußen;IFM;;2022-07-01;2026-06-30;;Kosovo;;8.0;1.0;11.0;17.0;;6.0;17;2.18;0;0;14;3;1;0;0;430;;;4;0;;;https://www.transfermarkt.ch/donat-rrudhani/profil/spieler/534360;20230422110016
Schweiz;Super League;1.Liga;BSC Young Boys;16.0;Christian Fassnacht;3000000.0;2022-11-10;5000000.0;2018-10-19;€;29;185.0;Schweiz;rechts;Rechtsaußen;SEG;;2017-07-01;2024-06-30;;Schweiz;;19.0;4.0;75.0;67.0;;17.0;23;2.09;5;0;2;11;3;0;0;1685;;;6;0;337;http://www.instagram.com/fassnacht16/;https://www.transfermarkt.ch/christian-fassnacht/profil/spieler/250490;20230422110032
Schweiz;Super League;1.Liga;BSC Young Boys;15.0;Meschack Elia;5000000.0;2022-11-10;5000000.0;2021-10-04;€;25;173.0;DR Kongo;rechts;Mittelstürmer;LITCHI AG;;2020-02-14;2024-06-30;;DR Kongo;;29.0;7.0;54.0;55.0;;16.0;23;2.04;7;0;8;9;1;0;1;1389;;;3;0;198;http://www.instagram.com/meschackelialina/;https://www.transfermarkt.ch/meschack-elia/profil/spieler/423678;20230422110049
Schweiz;Super League;1.Liga;BSC Young Boys;18.0;Jean-Pierre Nsame;3500000.0;2023-03-28;7000000.0;2020-07-31;€;29;188.0;Kamerun;rechts;Mittelstürmer;Global Compensation;Nike;2017-07-19;2024-06-30;Gelbsperre - Super Leaguebis 23.04.2023;Kamerun;;4.0;0.0;64.0;58.0;;32.0;26;2.15;16;0;8;15;4;0;0;1464;;;4;1;92;http://www.instagram.com/nsame18/;https://www.transfermarkt.ch/jean-pierre-nsame/profil/spieler/225055;20230422110105
Schweiz;Super League;1.Liga;BSC Young Boys;11.0;Cedric Itten;3000000.0;2023-03-28;4500000.0;2021-01-18;€;26;189.0;Schweiz;rechts;Mittelstürmer;IFM;Nike;2022-07-01;2026-06-30;;Schweiz;;9.0;4.0;61.0;57.0;;33.0;26;2.00;14;0;9;11;3;0;1;1444;;;7;4;103;http://www.instagram.com/cedricitten_13/;https://www.transfermarkt.ch/cedric-itten/profil/spieler/243856;20230422110115
Schweiz;Super League;1.Liga;BSC Young Boys;77.0;Joël Monteiro;700000.0;2023-03-28;700000.0;2023-03-28;€;23;191.0;Portugal;rechts;Mittelstürmer;Alke Sports Group Sàrl;;2021-03-01;2024-06-30;;;;;;14.0;23.0;;6.0;21;1.90;1;0;17;1;1;0;0;583;;;3;0;583;;https://www.transfermarkt.ch/joel-monteiro/profil/spieler/410787;20230422110129
Schweiz;Super League;1.Liga;BSC Young Boys;;Yannick Toure;400000.0;2022-12-29;600000.0;2022-06-08;€;22;184.0;Schweiz;rechts;Mittelstürmer;Soccer Mondial AG;Nike;2021-08-16;2024-06-30;unbekannte VerletzungRückkehr unbekannt;;Schweiz U20;1.0;0.0;;;;;;;;;;;;;;;;;;;;http://www.instagram.com/yannicktoure_f/;https://www.transfermarkt.ch/yannick-toure/profil/spieler/421824;20230422110149
Schweiz;Super League;1.Liga;FC Basel;1.0;Marwin Hitz;500000.0;2023-03-28;4500000.0;2016-02-15;€;35;194.0;Schweiz;rechts;Torwart;ROOF;adidas;2022-07-01;2025-06-30;;;Schweiz;2.0;0.0;93.0;91.0;43.0;;26;1.31;0;0;0;1;3;0;0;2295;31;6;;;;http://www.instagram.com/marwinhitz/;https://www.transfermarkt.ch/marwin-hitz/profil/spieler/59238;20230422110209
Schweiz;Super League;1.Liga;FC Basel;13.0;Mirko Salvi;100000.0;2023-03-28;650000.0;2017-07-12;€;29;188.0;Schweiz;rechts;Torwart;Sportfront Global;;2022-07-01;2024-06-30;;;Schweiz U21;1.0;0.0;7.0;9.0;0.0;;3;0.67;0;0;1;0;0;0;0;224;2;1;;;;;https://www.transfermarkt.ch/mirko-salvi/profil/spieler/147027;20230422110225
Schweiz;Super League;1.Liga;FC Basel;16.0;Nils de Mol;100000.0;2022-11-10;150000.0;2021-06-23;€;21;184.0;Schweiz;rechts;Torwart;Heusler Werthmüller Heitz;;2022-07-01;2023-06-30;;;Schweiz U21;0.0;0.0;0.0;0.0;0.0;;;;;;;;;;;;;;;;;;https://www.transfermarkt.ch/nils-de-mol/profil/spieler/499195;20230422110248
Schweiz;Super League;1.Liga;FC Basel;21.0;Andy Pelmard;3000000.0;2023-03-28;5000000.0;2020-10-15;€;23;180.0;Frankreich;rechts;Innenverteidiger;P&P Sport Management S.A.M.;;2022-07-01;2025-06-30;;;Frankreich U21;2.0;0.0;86.0;90.0;;3.0;28;1.29;0;0;4;1;3;0;0;2278;;;1;0;;http://www.instagram.com/andy_pelmard/;https://www.transfermarkt.ch/andy-pelmard/profil/spieler/494236;20230422110305
Schweiz;Super League;1.Liga;FC Basel;4.0;Arnau Comas;1500000.0;2023-03-28;1500000.0;2023-03-28;€;23;191.0;Spanien;rechts;Innenverteidiger;Wasserman;;2022-07-01;2026-06-30;OberschenkelproblemeRückkehr unbekannt;Spanien U21;;1.0;0.0;46.0;44.0;;8.0;13;1.54;2;0;0;2;5;0;0;1115;;;1;0;558;http://www.instagram.com/arnaucomas/;https://www.transfermarkt.ch/arnau-comas/profil/spieler/388542;20230422110320
Schweiz;Super League;1.Liga;FC Basel;15.0;Kasim Adams;1300000.0;2023-03-28;8500000.0;2018-07-12;€;27;190.0;Ghana;rechts;Innenverteidiger;Signature - ISCM AG;;2022-07-21;2023-06-30;;;Ghana;11.0;1.0;81.0;84.0;;3.0;24;1.38;0;0;2;0;4;0;0;2048;;;1;0;;http://www.instagram.com/adamskassim24/;https://www.transfermarkt.ch/kasim-adams/profil/spieler/263801;20230422110335
Schweiz;Super League;1.Liga;FC Basel;33.0;Riccardo Calafiori;3500000.0;2022-11-10;4000000.0;2021-10-14;€;20;188.0;Italien;links;Linker Verteidiger;World Soccer Agency;;2022-08-31;2025-06-30;;Italien U21;;2.0;0.0;74.0;63.0;;3.0;18;1.28;0;0;1;5;5;0;0;1308;;;1;0;;http://www.instagram.com/richycala/;https://www.transfermarkt.ch/riccardo-calafiori/profil/spieler/502821;20230422110352
Schweiz;Super League;1.Liga;FC Basel;28.0;Hugo Vogel;400000.0;2023-03-28;500000.0;2022-03-30;€;19;177.0;Frankreich;links;Linker Verteidiger;Goal Pro Management;adidas;2022-07-01;2026-06-30;;Frankreich U19;;2.0;0.0;7.0;5.0;;0.0;2;0.50;0;0;0;1;1;0;0;135;;;0;0;;http://instagram.com/vogel.hugoo;https://www.transfermarkt.ch/hugo-vogel/profil/spieler/743519;20230422110407
Schweiz;Super League;1.Liga;FC Basel;22.0;Sergio López;1000000.0;2022-11-10;1000000.0;2018-08-08;€;24;179.0;Spanien;rechts;Rechter Verteidiger;Footfeel ISM;;2021-07-01;2024-06-30;;;;;;43.0;44.0;;5.0;15;1.20;1;0;3;4;2;0;0;1103;;;1;0;1103;http://www.instagram.com/sergiolg2/;https://www.transfermarkt.ch/sergio-lopez/profil/spieler/523972;20230422110418
Schweiz;Super League;1.Liga;FC Basel;5.0;Michael Lang;500000.0;2022-11-10;6000000.0;2018-12-18;€;32;185.0;Schweiz;rechts;Rechter Verteidiger;IFM;;2021-07-19;2025-06-30;;Schweiz;;31.0;3.0;50.0;52.0;;11.0;19;1.21;1;0;5;4;4;0;1;1296;;;3;0;1296;;https://www.transfermarkt.ch/michael-lang/profil/spieler/51346;20230422110437
Schweiz;Super League;1.Liga;FC Basel;20.0;Fabian Frei;500000.0;2022-11-10;5000000.0;2015-04-14;€;34;183.0;Schweiz;rechts;Defensives Mittelfeld;Giallanza Sport;adidas;2018-01-01;2024-06-30;BandscheibenvorfallRückkehr unbekannt;Schweiz;;24.0;3.0;39.0;44.0;;5.0;19;1.26;1;0;8;1;2;1;0;1106;;;1;1;1106;http://www.instagram.com/fabianfrei20/;https://www.transfermarkt.ch/fabian-frei/profil/spieler/52595;20230422110455
Schweiz;Super League;1.Liga;FC Basel;34.0;Taulant Xhaka;300000.0;2022-11-10;4000000.0;2016-04-20;€;32;172.0;Albanien;rechts;Defensives Mittelfeld;Signature - ISCM AG;;2010-07-01;2027-06-30;;;Albanien;30.0;1.0;50.0;42.0;;8.0;16;1.69;0;0;2;11;6;0;0;1056;;;3;0;;http://www.instagram.com/tx.34/;https://www.transfermarkt.ch/taulant-xhaka/profil/spieler/113125;20230422110509
Schweiz;Super League;1.Liga;FC Basel;23.0;Wouter Burger;4000000.0;2023-03-28;4000000.0;2023-03-28;€;22;190.0;Niederlande;links;Zentrales Mittelfeld;SEG;;2021-08-31;2025-06-30;;Niederlande U21;;6.0;0.0;68.0;64.0;;8.0;24;1.38;3;0;5;9;8;0;1;1609;;;0;0;536;http://www.instagram.com/wouterburger_/;https://www.transfermarkt.ch/wouter-burger/profil/spieler/412953;20230422110526
Schweiz;Super League;1.Liga;FC Basel;8.0;Andy Diouf;1400000.0;2023-03-28;1400000.0;2023-03-28;€;19;187.0;Frankreich;links;Zentrales Mittelfeld;SBE Management AG;adidas;2022-07-18;2023-06-30;;Frankreich U21;;1.0;0.0;74.0;77.0;;3.0;27;1.30;0;0;7;4;3;0;0;1876;;;1;0;;http://www.instagram.com/diouf_andy/;https://www.transfermarkt.ch/andy-diouf/profil/spieler/711976;20230422110541
Schweiz;Super League;1.Liga;FC Basel;40.0;Liam Chipperfield;300000.0;2023-03-28;750000.0;2022-06-08;€;19;178.0;Schweiz;;Zentrales Mittelfeld;CAA Stellar;;2022-01-01;2023-06-30;;Schweiz U19;;4.0;0.0;0.0;0.0;;0.0;0;;0;0;0;0;0;0;0;;;;0;0;;;https://www.transfermarkt.ch/liam-chipperfield/profil/spieler/604780;20230422110553
Schweiz;Super League;1.Liga;FC Basel;18.0;Emmanuel Essiam;200000.0;2023-03-28;200000.0;2023-03-28;€;19;183.0;Ghana;rechts;Zentrales Mittelfeld;SPOCS Global Sports;;2022-01-03;2026-06-30;;;Ghana U23;2.0;0.0;4.0;4.0;;0.0;2;2.00;0;0;1;0;0;0;0;90;;;0;0;;;https://www.transfermarkt.ch/emmanuel-essiam/profil/spieler/863745;20230422110607
Schweiz;Super League;1.Liga;FC Basel;9.0;Zeki Amdouni;5000000.0;2023-03-28;5000000.0;2023-03-28;€;22;185.0;Schweiz;;Offensives Mittelfeld;Soccer Mondial AG;;2022-07-01;2024-06-30;;Schweiz;;3.0;2.0;61.0;62.0;;27.0;24;1.00;7;0;7;8;1;0;0;1572;;;3;1;225;http://www.instagram.com/zekiamdouni/;https://www.transfermarkt.ch/zeki-amdouni/profil/spieler/548729;20230422110623
Schweiz;Super League;1.Liga;FC Basel;19.0;Darian Males;4000000.0;2023-03-28;4000000.0;2023-03-28;€;21;189.0;Schweiz;links;Offensives Mittelfeld;Footuro AG;adidas;2021-07-09;2023-06-30;;Schweiz U21;;13.0;0.0;54.0;47.0;;22.0;21;1.33;3;0;6;11;3;0;0;1193;;;5;1;398;http://www.instagram.com/malesdarian/;https://www.transfermarkt.ch/darian-males/profil/spieler/507479;20230422110640
Schweiz;Super League;1.Liga;FC Basel;29.0;Adriano Onyegbule;100000.0;2023-03-28;100000.0;2023-03-28;€;16;184.0;Deutschland;rechts;Offensives Mittelfeld;Berater bekannt - Spieler unter 18;;2022-07-01;2025-06-30;keine Spielberechtigung - UEFA Europa Conference Leaguebis 30.06.2023;Deutschland U17;;2.0;0.0;0.0;0.0;;0.0;0;;0;0;0;0;0;0;0;;;;0;0;;;https://www.transfermarkt.ch/adriano-onyegbule/profil/spieler/806015;20230422110654
Schweiz;Super League;1.Liga;FC Basel;7.0;Liam Millar;1800000.0;2023-03-28;3000000.0;2022-03-28;€;23;181.0;Kanada;rechts;Linksaußen;;;2021-07-08;2025-06-30;;Kanada;;17.0;0.0;39.0;43.0;;3.0;21;1.38;0;0;10;7;3;0;0;1083;;;1;0;;http://www.instagram.com/liammillar11/;https://www.transfermarkt.ch/liam-millar/profil/spieler/487417;20230422110706
Schweiz;Super League;1.Liga;FC Basel;30.0;Anton Kade;1000000.0;2023-03-28;1000000.0;2023-03-28;€;19;185.0;Deutschland;rechts;Linksaußen;Lucky 13;;2022-07-01;2026-06-30;;Deutschland U19;;8.0;2.0;25.0;22.0;;3.0;15;1.33;0;0;8;7;0;0;0;557;;;1;0;;;https://www.transfermarkt.ch/anton-kade/profil/spieler/654234;20230422110720
Schweiz;Super League;1.Liga;FC Basel;90.0;Hugo Novoa;5000000.0;2022-11-09;5000000.0;2022-09-21;€;20;182.0;Spanien;rechts;Rechtsaußen;ROOF;;2023-01-04;2024-06-30;;Spanien U21;;4.0;1.0;25.0;30.0;;19.0;9;1.11;1;0;6;4;0;0;0;329;;;2;0;329;http://www.instagram.com/hugonovoa_/;https://www.transfermarkt.ch/hugo-novoa/profil/spieler/668276;20230422110734
Schweiz;Super League;1.Liga;FC Basel;27.0;Dan Ndoye;3500000.0;2022-11-10;4000000.0;2021-01-07;€;22;183.0;Schweiz;rechts;Rechtsaußen;BSG GROUP;;2022-07-01;2026-06-30;;Schweiz U21;;22.0;8.0;71.0;71.0;;8.0;25;1.28;2;0;5;13;5;0;0;1782;;;1;0;891;http://www.instagram.com/danndoye10/;https://www.transfermarkt.ch/dan-ndoye/profil/spieler/365108;20230422110756
Schweiz;Super League;1.Liga;FC Basel;17.0;Andi Zeqiri;2700000.0;2023-03-28;3000000.0;2021-12-22;€;23;185.0;Schweiz;links;Mittelstürmer;Gold Kick SA;Nike;2022-08-02;2023-06-30;;;Schweiz;7.0;0.0;62.0;52.0;;26.0;22;1.18;7;0;6;16;2;0;0;1205;;;2;0;172;http://www.instagram.com/andizeqiri99/;https://www.transfermarkt.ch/andi-zeqiri/profil/spieler/345468;20230422110813
Schweiz;Super League;1.Liga;FC Basel;10.0;Jean-Kévin Augustin;1300000.0;2023-03-28;25000000.0;2018-10-22;€;25;179.0;Frankreich;rechts;Mittelstürmer;Sport Cover;adidas;2022-07-01;2025-06-30;;;Frankreich U21;9.0;6.0;14.0;19.0;;11.0;13;1.77;3;0;9;4;3;0;0;472;;;1;1;157;http://www.instagram.com/augustin_29/;https://www.transfermarkt.ch/jean-kevin-augustin/profil/spieler/264956;20230422110826
Schweiz;Super League;1.Liga;FC Basel;14.0;Bradley Fink;1000000.0;2022-11-10;1000000.0;2022-11-10;€;20;192.0;Schweiz;beidfüßig;Mittelstürmer;SCORES sports management ag;Puma;2022-08-17;2026-06-30;;Schweiz U21;;4.0;1.0;46.0;45.0;;14.0;20;1.30;5;0;9;8;2;0;0;969;;;0;0;194;http://www.instagram.com/bradleyfink9/;https://www.transfermarkt.ch/bradley-fink/profil/spieler/539801;20230422110842
Österreich;Bundesliga;1.Liga;RB Salzburg;41.0;Jonas Krumrey;300000.0;2022-11-17;300000.0;2021-12-01;€;19;193.0;Deutschland;rechts;Torwart;Familienangehörige;Nike;2023-01-01;2024-05-31;;;Deutschland U16;0.0;0.0;;;;;;;;;;;;;;;;;;;;;https://www.transfermarkt.ch/jonas-krumrey/profil/spieler/531637;20230422105505
Österreich;2. Liga;2.Liga;FC Liefering;32.0;Balázs Tóth;125000.0;2022-11-17;125000.0;2022-11-17;€;18;187.0;Ungarn;links;Torwart;Perfootmance GmbH;;2021-07-01;2024-06-30;;Ungarn U19;;0.0;0.0;8.0;8.0;0.0;;2;1.50;0;0;0;0;0;0;0;180;5;0;;;;;https://www.transfermarkt.ch/balazs-toth/profil/spieler/648900;20230422105523
Österreich;2. Liga;2.Liga;FC Liefering;30.0;Salko Hamzic;75000.0;2023-01-10;75000.0;2023-01-10;€;16;;Bosnien-Herzegowina;;Torwart;;;2023-01-01;;;;;;;;;;;;;;;;;;;;;;;;;;;https://www.transfermarkt.ch/salko-hamzic/profil/spieler/948133;20230422105537
Österreich;2. Liga;2.Liga;FC Liefering;31.0;Valentin Oelz;75000.0;2022-11-17;75000.0;2022-07-02;€;17;192.0;Österreich;;Torwart;Berater bekannt - Spieler unter 18;;2022-07-01;;;Österreich U18;;3.0;0.0;0.0;0.0;0.0;;0;;0;0;0;0;0;0;0;;0;0;;;;;https://www.transfermarkt.ch/valentin-oelz/profil/spieler/694561;20230422105606
Österreich;Bundesliga;1.Liga;RB Salzburg;6.0;Samson Baidoo;1000000.0;2022-11-10;1000000.0;2022-11-10;€;19;187.0;Österreich;rechts;Innenverteidiger;HAGMAYR Sportmanagement;;2022-07-01;2027-06-30;;Österreich U21;;4.0;0.0;0.0;0.0;;0.0;1;3.00;0;0;1;0;0;0;0;3;;;0;0;;;https://www.transfermarkt.ch/samson-baidoo/profil/spieler/655217;20230422105627
Österreich;2. Liga;2.Liga;FC Liefering;4.0;Lukas Wallner;500000.0;2022-11-17;500000.0;2022-05-25;€;19;;Österreich;links;Innenverteidiger;More than Sport GmbH;;2020-08-01;2025-06-30;;Österreich U21;;2.0;0.0;54.0;57.0;;5.0;17;1.41;0;0;4;3;3;0;0;1240;;;2;0;;;https://www.transfermarkt.ch/lukas-wallner/profil/spieler/548026;20230422105647
Österreich;2. Liga;2.Liga;FC Liefering;19.0;Marcel Moswitzer;300000.0;2022-11-17;300000.0;2022-09-20;€;18;;Österreich;;Innenverteidiger;Soccertalk GmbH;;2022-07-01;;;Österreich U18;;6.0;1.0;42.0;43.0;;2.0;15;0.93;1;0;5;3;3;0;0;930;;;0;0;930;;https://www.transfermarkt.ch/marcel-moswitzer/profil/spieler/804031;20230422105702
Österreich;2. Liga;2.Liga;FC Liefering;51.0;Rocco Zikovic;300000.0;2023-01-10;300000.0;2023-01-10;€;18;186.0;Kroatien;rechts;Innenverteidiger;VPA Sports;;2023-01-01;2027-06-30;;;Kroatien U19;0.0;0.0;0.0;8.0;;0.0;3;0.00;0;0;3;0;0;0;0;75;;;0;0;;;https://www.transfermarkt.ch/rocco-zikovic/profil/spieler/853084;20230422105724
Österreich;2. Liga;2.Liga;FC Liefering;14.0;Douglas Mendes;200000.0;2022-11-14;200000.0;2022-08-05;€;18;189.0;Brasilien;rechts;Innenverteidiger;Ruan Casemiro;;2023-02-06;2023-06-30;;Brasilien U20;;0.0;0.0;13.0;13.0;;0.0;2;0.00;0;0;1;1;1;0;0;90;;;0;0;;;https://www.transfermarkt.ch/douglas-mendes/profil/spieler/921863;20230422105748
Österreich;2. Liga;2.Liga;FC Liefering;15.0;Konstantin Gertig;75000.0;2022-11-17;75000.0;2022-07-02;€;19;186.0;Deutschland;links;Innenverteidiger;SPOCS Global Sports;;2022-07-01;;;;;;;4.0;4.0;;0.0;1;0.00;0;0;0;0;0;0;0;90;;;0;0;;;https://www.transfermarkt.ch/konstantin-gertig/profil/spieler/604356;20230422105809
Österreich;2. Liga;2.Liga;FC Liefering;26.0;Lukas Ibertsberger;250000.0;2022-11-17;250000.0;2022-11-17;€;19;;Österreich;links;Linker Verteidiger;More than Sport GmbH;;2021-01-01;2025-06-30;;Österreich U21;;2.0;0.0;63.0;61.0;;2.0;18;1.56;0;0;3;5;3;0;0;1308;;;1;0;;;https://www.transfermarkt.ch/lukas-ibertsberger/profil/spieler/531640;20230422105834
Österreich;2. Liga;2.Liga;FC Liefering;20.0;Mario Pejazic;200000.0;2022-11-17;200000.0;2022-09-20;€;18;;Österreich;links;Linker Verteidiger;;;2022-07-01;;;Österreich U19;;1.0;0.0;33.0;38.0;;2.0;14;1.36;0;0;6;2;1;0;0;822;;;1;0;;;https://www.transfermarkt.ch/mario-pejazic/profil/spieler/724062;20230422105850
Österreich;2. Liga;2.Liga;FC Liefering;27.0;Benjamin Atiabou;250000.0;2022-11-17;250000.0;2022-05-25;€;19;178.0;Österreich;rechts;Rechter Verteidiger;CAA Base Ltd;;2021-07-01;;KreuzbandrissRückkehr unbekannt;;Österreich U18;8.0;0.0;25.0;24.0;;2.0;6;1.33;1;0;0;2;2;0;0;529;;;0;0;529;;https://www.transfermarkt.ch/benjamin-atiabou/profil/spieler/655215;20230422105915
Österreich;2. Liga;2.Liga;FC Liefering;24.0;Dario Bijelic;150000.0;2022-11-17;150000.0;2022-07-23;€;18;177.0;Kroatien;rechts;Rechter Verteidiger;;;2022-07-01;2023-06-30;;Kroatien U18;;6.0;0.0;8.0;9.0;;0.0;6;2.17;0;0;4;2;0;0;0;201;;;0;0;;;https://www.transfermarkt.ch/dario-bijelic/profil/spieler/678349;20230422105934
Österreich;2. Liga;2.Liga;FC Liefering;44.0;Mark Gevorgyan;150000.0;2022-11-17;150000.0;2022-11-17;€;17;;Deutschland;rechts;Rechter Verteidiger;Berater bekannt - Spieler unter 18;;2022-07-01;;;;Deutschland U17;5.0;0.0;58.0;55.0;;5.0;15;0.87;1;0;1;4;5;0;0;1188;;;1;0;1188;;https://www.transfermarkt.ch/mark-gevorgyan/profil/spieler/692472;20230422105952
Österreich;2. Liga;2.Liga;FC Liefering;18.0;Daniel Klicnik;75000.0;2022-11-17;125000.0;2022-05-25;€;19;178.0;Österreich;rechts;Rechter Verteidiger;MLG Sports Consulting;adidas;2021-07-01;2023-06-30;PatellasehnenrissRückkehr unbekannt;;Österreich U16;6.0;0.0;;;;;;;;;;;;;;;;;;;;;https://www.transfermarkt.ch/daniel-klicnik/profil/spieler/527584;20230422110012
Österreich;2. Liga;2.Liga;FC Liefering;10.0;Soumaila Diabate;250000.0;2023-01-02;250000.0;2023-01-02;€;18;168.0;Mali;;Defensives Mittelfeld;BLACKSKILL;;2023-01-02;2027-06-30;;;;;;25.0;28.0;;0.0;;;;;;;;;;;;;;;;;https://www.transfermarkt.ch/soumaila-diabate/profil/spieler/1089004;20230422110026
Österreich;Bundesliga;1.Liga;RB Salzburg;35.0;Lawrence Agyekum;1000000.0;2022-11-17;1000000.0;2022-11-17;€;19;174.0;Ghana;rechts;Zentrales Mittelfeld;Kick&Run;;2022-02-07;2026-06-30;;;;;;15.0;17.0;;0.0;3;2.33;0;0;1;2;1;0;0;197;;;0;0;;;https://www.transfermarkt.ch/lawrence-agyekum/profil/spieler/733410;20230422110051
Österreich;Bundesliga;1.Liga;RB Salzburg;36.0;Justin Omoregie;800000.0;2022-11-10;800000.0;2022-05-25;€;19;191.0;Österreich;links;Zentrales Mittelfeld;MLG Sports Consulting;adidas;2022-07-01;2027-06-30;RückenproblemeRückkehr unbekannt;Österreich U19;;10.0;0.0;;;;;;;;;;;;;;;;;;;;;https://www.transfermarkt.ch/justin-omoregie/profil/spieler/581880;20230422110112
Österreich;2. Liga;2.Liga;FC Liefering;22.0;Tolgahan Sahin;300000.0;2022-11-17;300000.0;2021-12-01;€;18;;Österreich;rechts;Zentrales Mittelfeld;HAGMAYR Sportmanagement;Puma;2021-07-01;;;Österreich U19;;2.0;0.0;63.0;61.0;;2.0;20;1.15;0;0;5;7;1;0;0;1306;;;1;0;;;https://www.transfermarkt.ch/tolgahan-sahin/profil/spieler/629037;20230422110125
Österreich;2. Liga;2.Liga;FC Liefering;8.0;Raphael Hofer;250000.0;2022-11-17;250000.0;2022-11-17;€;20;;Österreich;;Zentrales Mittelfeld;More than Sport GmbH;;2021-07-01;2026-06-30;;;;;;71.0;69.0;;14.0;22;1.23;3;0;5;11;3;0;0;1494;;;3;0;498;;https://www.transfermarkt.ch/raphael-hofer/profil/spieler/603953;20230422110141
Österreich;2. Liga;2.Liga;FC Liefering;49.0;Moussa Kounfolo Yeo;250000.0;2022-11-17;250000.0;2022-08-08;€;18;172.0;Mali;rechts;Zentrales Mittelfeld;BLACKSKILL;;2022-08-08;2027-06-30;;;;;;52.0;50.0;;8.0;;;;;;;;;;;;;;;;;https://www.transfermarkt.ch/moussa-kounfolo-yeo/profil/spieler/1041861;20230422110209
Österreich;2. Liga;2.Liga;FC Liefering;21.0;Mohammad Sadeqi;150000.0;2022-11-17;150000.0;2022-11-17;€;19;181.0;Österreich;rechts;Zentrales Mittelfeld;BTFM;;2022-07-01;;Gelbrotsperre - 2. Ligabis 01.05.2023;;;;;17.0;15.0;;2.0;9;1.78;0;0;5;2;1;1;0;317;;;1;0;;;https://www.transfermarkt.ch/mohammad-sadeqi/profil/spieler/610393;20230422110233
Österreich;2. Liga;2.Liga;FC Liefering;35.0;Tim Paumgartner;100000.0;2023-02-24;100000.0;2023-02-24;€;18;;Österreich;;Zentrales Mittelfeld;;;2023-01-01;;;Österreich U18;;6.0;0.0;8.0;14.0;;0.0;;;;;;;;;;;;;;;;;https://www.transfermarkt.ch/tim-paumgartner/profil/spieler/742014;20230422110254
Österreich;2. Liga;2.Liga;FC Liefering;39.0;Alparslan Baran;75000.0;2022-11-17;75000.0;2022-07-02;€;18;180.0;Österreich;links;Zentrales Mittelfeld;HAGMAYR Sportmanagement;adidas;2022-07-01;;;Österreich U18;;9.0;1.0;0.0;0.0;;0.0;1;0.00;0;0;1;0;0;0;0;;;;0;0;;;https://www.transfermarkt.ch/alparslan-baran/profil/spieler/724053;20230422110319
Österreich;Bundesliga;1.Liga;RB Salzburg;8.0;Dijon Kameri;4000000.0;2022-11-10;4000000.0;2022-09-20;€;19;181.0;Österreich;rechts;Offensives Mittelfeld;Key United;Puma;2022-07-01;2026-06-30;;Österreich U21;;2.0;0.0;16.0;10.0;;4.0;6;2.67;1;0;2;4;0;0;0;235;;;1;0;235;;https://www.transfermarkt.ch/dijon-kameri/profil/spieler/629005;20230422110338
Österreich;2. Liga;2.Liga;FC Liefering;29.0;Zeteny Jano;500000.0;2022-11-17;500000.0;2022-11-17;€;18;;Österreich;rechts;Offensives Mittelfeld;;;2022-07-01;;;Österreich U18;;6.0;2.0;50.0;53.0;;19.0;24;1.25;2;0;12;10;4;0;0;1145;;;6;0;573;;https://www.transfermarkt.ch/zeteny-jano/profil/spieler/692474;20230422110355
Österreich;ÖFB Jugendliga U18;Jugendliga;AKA Salzb. U18;;Dominik Lechner;150000.0;2022-11-17;150000.0;2022-09-20;€;18;;Österreich;;Offensives Mittelfeld;Sports360 GmbH;;2021-07-01;;;Österreich U18;;5.0;2.0;25.0;21.0;;4.0;;;;;;;;;;;;;;;;;https://www.transfermarkt.ch/dominik-lechner/profil/spieler/804029;20230422110417
Österreich;Bundesliga;1.Liga;RB Salzburg;19.0;Karim Konaté;4000000.0;2022-11-17;4000000.0;2022-11-17;€;19;178.0;Elfenbeinküste;rechts;Mittelstürmer;VV Consulting;;2022-07-01;2027-06-30;;Elfenbeink. U23;;0.0;0.0;0.0;3.0;;5.0;4;2.00;1;0;4;0;0;0;0;25;;;0;0;25;;https://www.transfermarkt.ch/karim-konate/profil/spieler/847278;20230422110438
Österreich;2. Liga;2.Liga;FC Liefering;37.0;Oumar Diakité;900000.0;2022-11-17;900000.0;2022-11-17;€;19;182.0;Elfenbeinküste;rechts;Mittelstürmer;AD ASTRA SM;;2022-01-13;2026-06-30;;Elfenbeinküste;;0.0;0.0;71.0;69.0;;33.0;19;1.37;8;0;2;7;0;0;0;1500;;;6;2;188;;https://www.transfermarkt.ch/oumar-diakite/profil/spieler/847279;20230422110455
Österreich;2. Liga;2.Liga;FC Liefering;7.0;Elias Havel;300000.0;2022-11-17;400000.0;2021-05-26;€;20;184.0;Österreich;rechts;Mittelstürmer;ROOF;Nike;2021-01-01;;;;Österreich U19;6.0;0.0;46.0;52.0;;19.0;23;1.30;6;0;12;8;3;0;0;1126;;;2;0;188;;https://www.transfermarkt.ch/elias-havel/profil/spieler/566626;20230422110512
Österreich;2. Liga;2.Liga;FC Liefering;9.0;Luka Reischl;300000.0;2022-11-17;650000.0;2020-12-19;€;19;184.0;Österreich;;Mittelstürmer;Key United;Nike;2020-08-01;2026-06-30;;Österreich U19;;3.0;1.0;25.0;28.0;;5.0;16;1.44;0;0;10;5;1;0;0;607;;;2;0;;;https://www.transfermarkt.ch/luka-reischl/profil/spieler/629039;20230422110528
Österreich;2. Liga;2.Liga;FC Liefering;13.0;Marcell Berki;150000.0;2022-11-17;150000.0;2022-07-23;€;18;180.0;Ungarn;rechts;Mittelstürmer;EM Sports Consulting;Nike;2022-07-01;2026-06-30;;Ungarn U19;;4.0;2.0;4.0;6.0;;0.0;7;0.57;0;0;6;1;0;0;0;130;;;0;0;;;https://www.transfermarkt.ch/marcell-berki/profil/spieler/632996;20230422110545
Österreich;2. Liga;2.Liga;FC Liefering;45.0;Federico Crescenti;150000.0;2022-11-17;150000.0;2021-07-02;€;18;173.0;Schweiz;rechts;Mittelstürmer;SBE Management AG;Puma;2021-07-01;2026-05-31;;Schweiz U19;;6.0;1.0;0.0;6.0;;5.0;8;1.50;2;0;8;0;0;0;0;124;;;0;0;62;;https://www.transfermarkt.ch/federico-crescenti/profil/spieler/633190;20230422110601
Österreich;2. Liga;2.Liga;Blau-Weiß Linz;1.0;Nicolas Schmid;300000.0;2022-11-17;300000.0;2021-05-26;€;26;195.0;Österreich;beidfüßig;Torwart;CONNEXION;;2019-07-01;2025-06-30;;;Österreich U19;1.0;0.0;96.0;96.0;33.0;;22;1.91;0;0;0;0;1;0;0;1980;24;6;;;;;https://www.transfermarkt.ch/nicolas-schmid/profil/spieler/291097;20230422110616
Österreich;2. Liga;2.Liga;Blau-Weiß Linz;21.0;Felix Gschossmann;75000.0;2022-11-17;150000.0;2018-12-01;€;26;185.0;Österreich;rechts;Torwart;Reza Sport Consulting;;2020-08-01;2025-06-30;;;Österreich U18;0.0;0.0;4.0;4.0;0.0;;1;3.00;0;0;0;0;0;0;0;90;0;1;;;;;https://www.transfermarkt.ch/felix-gschossmann/profil/spieler/286798;20230422110634
Österreich;2. Liga;2.Liga;Blau-Weiß Linz;31.0;Kevin Radulovic;10000.0;2022-11-17;10000.0;2022-07-02;€;20;;Österreich;;Torwart;THE PLAYERS AGENT SRL;;2022-07-01;;;;;;;0.0;0.0;0.0;;0;;0;0;0;0;0;0;0;;0;0;;;;;https://www.transfermarkt.ch/kevin-radulovic/profil/spieler/746156;20230422110653
Österreich;2. Liga;2.Liga;Blau-Weiß Linz;41.0;Armin Sarcevic;10000.0;2022-11-17;10000.0;2022-07-02;€;23;;Österreich;;Torwart;RR Sports Management;;2022-07-01;;;;;;;;;;;;;;;;;;;;;;;;;;;https://www.transfermarkt.ch/armin-sarcevic/profil/spieler/440676;20230422110719
Österreich;2. Liga;2.Liga;Blau-Weiß Linz;15.0;Manuel Maranda;350000.0;2022-11-17;400000.0;2020-12-21;€;25;188.0;Österreich;rechts;Innenverteidiger;SPOCS Global Sports;;2021-07-02;2024-06-30;;;Österreich U21;5.0;0.0;100.0;97.0;;11.0;23;1.96;3;0;0;4;2;0;0;2003;;;3;0;668;http://www.instagram.com/manuel_maranda/;https://www.transfermarkt.ch/manuel-maranda/profil/spieler/287995;20230422110747
Österreich;2. Liga;2.Liga;Blau-Weiß Linz;2.0;Fabio Strauss;300000.0;2022-11-17;550000.0;2017-06-02;€;28;195.0;Österreich;rechts;Innenverteidiger;ROGON;;2020-08-28;2024-05-31;;;;;;78.0;75.0;;4.0;18;2.28;0;0;0;2;6;0;0;1545;;;2;0;;;https://www.transfermarkt.ch/fabio-strauss/profil/spieler/154140;20230422110804
Österreich;2. Liga;2.Liga;Blau-Weiß Linz;3.0;Christoph Schösswendter;175000.0;2022-11-17;800000.0;2016-12-22;€;34;194.0;Österreich;rechts;Innenverteidiger;More than Sport GmbH;;2022-01-22;2023-06-30;;;Österreich U20;1.0;0.0;26.0;24.0;;2.0;9;1.44;0;0;3;3;2;0;0;488;;;1;0;;http://instagram.com/chriistoph_sch;https://www.transfermarkt.ch/christoph-schosswendter/profil/spieler/68379;20230422110826
Portugal;Liga Portugal;1.Liga;Benfica;99.0;Odysseas Vlachodimos;16000000.0;2022-11-01;18000000.0;2021-01-28;€;28;191.0;Griechenland;rechts;Torwart;fair-sport GmbH;Uhlsport;2018-07-01;2027-06-30;;Griechenland;;31.0;0.0;100.0;100.0;0.0;;28;2.54;0;0;0;0;1;0;0;2520;17;17;;;;http://www.instagram.com/vlachod1mos/;https://www.transfermarkt.ch/odysseas-vlachodimos/profil/spieler/124419;20230422105458
Portugal;Liga Sabseg;2.Liga;Benfica B;24.0;Samuel Soares;2000000.0;2022-12-28;2000000.0;2022-11-01;€;20;190.0;Portugal;rechts;Torwart;Team of Future;;2021-07-01;2027-06-30;;Portugal U21;;5.0;0.0;64.0;64.0;0.0;;18;1.39;0;0;0;0;4;0;0;1620;30;4;;;;;https://www.transfermarkt.ch/samuel-soares/profil/spieler/504072;20230422105512
Portugal;Liga Sabseg;2.Liga;Benfica B;75.0;André Gomes;2000000.0;2023-03-02;2000000.0;2023-03-02;€;18;182.0;Portugal;links;Torwart;MDTM;;2023-01-01;2028-06-30;;Portugal U19;;12.0;0.0;71.0;71.0;0.0;;10;0.60;0;0;0;0;0;0;0;900;21;0;;;;;https://www.transfermarkt.ch/andre-gomes/profil/spieler/670710;20230422105528
Portugal;Liga Portugal;1.Liga;Benfica;66.0;António Silva;25000000.0;2023-03-02;25000000.0;2023-03-02;€;19;187.0;Portugal;rechts;Innenverteidiger;Gestifute;adidas;2022-07-01;2027-06-30;;Portugal;;3.0;0.0;89.0;89.0;;4.0;25;2.48;3;0;0;2;4;0;0;2245;;;0;0;748;http://www.instagram.com/antoniosilva.66/;https://www.transfermarkt.ch/antonio-silva/profil/spieler/650568;20230422105545
Portugal;Liga Portugal;1.Liga;Benfica;91.0;Morato;15000000.0;2022-11-01;15000000.0;2022-09-16;€;21;192.0;Brasilien;links;Innenverteidiger;Bertolucci Sports;;2021-07-01;2027-06-30;;;Brasilien U20;0.0;0.0;18.0;18.0;;1.0;6;3.00;1;0;1;0;1;0;0;465;;;0;0;465;http://www.instagram.com/morato/;https://www.transfermarkt.ch/morato/profil/spieler/673492;20230422105559
Portugal;Liga Portugal;1.Liga;Benfica;4.0;Lucas Veríssimo;8000000.0;2022-11-01;10000000.0;2021-12-27;€;27;188.0;Brasilien;rechts;Innenverteidiger;Wonder Sports;Puma;2021-01-31;2026-06-30;;;Brasilien;2.0;0.0;0.0;0.0;;0.0;2;3.00;0;0;2;0;0;0;0;9;;;0;0;;http://www.instagram.com/lucasverissimo_03/;https://www.transfermarkt.ch/lucas-verissimo/profil/spieler/411662;20230422105611
Portugal;Liga Portugal;1.Liga;Benfica;30.0;Nicolás Otamendi;3000000.0;2022-11-01;35000000.0;2018-01-02;€;35;183.0;Argentinien;rechts;Innenverteidiger;Gestifute;Nike;2020-09-29;2023-06-30;;Argentinien;;102.0;4.0;93.0;92.0;;0.0;26;2.50;0;0;0;1;7;1;0;2325;;;0;0;;http://www.instagram.com/nicolasotamendi30/?hl=it;https://www.transfermarkt.ch/nicolas-otamendi/profil/spieler/54781;20230422105623
Portugal;Liga Portugal;1.Liga;Benfica;3.0;Alejandro Grimaldo;25000000.0;2023-03-02;35000000.0;2019-12-30;€;27;171.0;Spanien;links;Linker Verteidiger;Wasserman;adidas;2016-01-01;2023-06-30;;;Spanien U21;2.0;0.0;96.0;96.0;;18.0;27;2.52;2;0;0;6;3;0;0;2413;;;10;0;1207;http://www.instagram.com/grimaldo35/;https://www.transfermarkt.ch/alejandro-grimaldo/profil/spieler/193082;20230422105635
Portugal;Liga Portugal;1.Liga;Benfica;23.0;Mihailo Ristić;3500000.0;2022-11-01;3500000.0;2022-03-23;€;27;180.0;Serbien;links;Linker Verteidiger;AC Talent;;2022-07-01;2026-06-30;;Serbien;;8.0;0.0;4.0;4.0;;3.0;6;3.00;1;0;5;0;0;0;0;106;;;1;0;106;http://www.instagram.com/risticmihailo24/;https://www.transfermarkt.ch/mihailo-risti%C4%87/profil/spieler/271455;20230422105647
Portugal;Liga Portugal;1.Liga;Benfica;6.0;Alexander Bah;8000000.0;2022-11-01;8000000.0;2022-11-01;€;25;183.0;Dänemark;rechts;Rechter Verteidiger;Elite Consulting;;2022-07-01;2027-06-30;KnieverletzungRückkehr unbekannt;Dänemark;;8.0;1.0;71.0;70.0;;7.0;25;2.60;1;0;5;9;1;0;0;1765;;;4;0;1765;http://www.instagram.com/alexanderbah/;https://www.transfermarkt.ch/alexander-bah/profil/spieler/452607;20230422105701
Portugal;Liga Portugal;1.Liga;Benfica;2.0;Gilberto;6000000.0;2022-11-01;6000000.0;2022-09-16;€;30;181.0;Brasilien;rechts;Rechter Verteidiger;MFD Sports;;2020-08-08;2025-06-30;;;Brasilien U23;4.0;0.0;29.0;30.0;;6.0;18;2.50;2;0;10;7;2;0;0;746;;;2;0;373;;https://www.transfermarkt.ch/gilberto/profil/spieler/231614;20230422105716
Portugal;Liga Portugal;1.Liga;Benfica;61.0;Florentino;20000000.0;2023-03-02;20000000.0;2019-12-30;€;23;184.0;Portugal;rechts;Defensives Mittelfeld;Team of Future;adidas;2019-01-01;2027-06-30;;;Portugal U21;12.0;0.0;82.0;75.0;;4.0;27;2.63;0;0;4;11;5;0;0;1897;;;3;0;;http://www.instagram.com/florentino_luis61/;https://www.transfermarkt.ch/florentino/profil/spieler/357162;20230422105731
Portugal;Liga Portugal;1.Liga;Benfica;8.0;Fredrik Aursnes;16000000.0;2023-03-02;16000000.0;2023-03-02;€;27;179.0;Norwegen;rechts;Defensives Mittelfeld;Solbakken / Player Solution;;2022-08-24;2027-06-30;;Norwegen;;12.0;0.0;69.0;69.0;;6.0;22;2.41;1;0;4;4;5;0;0;1616;;;3;0;1616;http://www.instagram.com/fredrikaurs18/;https://www.transfermarkt.ch/fredrik-aursnes/profil/spieler/223367;20230422105754
Portugal;Liga Portugal;1.Liga;Benfica;20.0;João Mário;14000000.0;2023-03-02;35000000.0;2016-10-14;€;30;179.0;Portugal;rechts;Zentrales Mittelfeld;P&P Sport Management S.A.M.;Nike;2021-07-13;2026-06-30;;Portugal;;56.0;3.0;96.0;87.0;;34.0;27;2.52;17;0;0;13;3;1;0;2193;;;6;7;129;http://www.instagram.com/joaomario/;https://www.transfermarkt.ch/joao-mario/profil/spieler/149729;20230422105814
Portugal;Liga Portugal;1.Liga;Benfica;87.0;João Neves;2500000.0;2023-03-02;2500000.0;2023-03-02;€;18;174.0;Portugal;rechts;Zentrales Mittelfeld;;;2023-01-01;2028-06-30;;Portugal U19;;17.0;3.0;0.0;5.0;;0.0;11;2.45;0;0;11;0;0;0;0;62;;;0;0;;http://www.instagram.com/joao_neves74/;https://www.transfermarkt.ch/joao-neves/profil/spieler/670681;20230422105827
Portugal;Liga Portugal;1.Liga;Benfica;22.0;Chiquinho;6000000.0;2023-03-02;9000000.0;2019-12-30;€;27;175.0;Portugal;rechts;Offensives Mittelfeld;Vision Players;adidas;2019-07-01;2024-06-30;;;;;;36.0;42.0;;0.0;19;2.42;0;0;9;4;0;0;0;1052;;;0;0;;http://www.instagram.com/chiquinho22_/;https://www.transfermarkt.ch/chiquinho/profil/spieler/334557;20230422105846
Portugal;Liga Portugal;1.Liga;Benfica;21.0;Andreas Schjelderup;9000000.0;2022-12-22;9000000.0;2022-12-22;€;18;176.0;Norwegen;rechts;Linksaußen;JT Riley AS;;2023-01-12;2028-06-30;;Norwegen U19;;6.0;2.0;0.0;0.0;;0.0;1;3.00;0;0;1;0;0;0;0;;;;0;0;;http://www.instagram.com/andreasschjelderup/;https://www.transfermarkt.ch/andreas-schjelderup/profil/spieler/670103;20230422105906
Portugal;Liga Portugal;1.Liga;Benfica;93.0;Julian Draxler;8000000.0;2023-03-02;40000000.0;2018-01-24;€;29;185.0;Deutschland;rechts;Linksaußen;ROGON;adidas;2022-09-01;2023-06-30;Operation am KnöchelRückkehr voraussichtlich am 31.05.2023;;Deutschland;58.0;7.0;17.0;19.0;;2.0;10;2.50;1;0;6;4;0;0;0;404;;;0;0;404;http://www.instagram.com/draxlerofficial/;https://www.transfermarkt.ch/julian-draxler/profil/spieler/85148;20230422105924
Portugal;Liga Portugal;1.Liga;Benfica;7.0;David Neres;22000000.0;2022-11-01;45000000.0;2019-06-12;€;26;176.0;Brasilien;links;Rechtsaußen;Bertolucci Sports;adidas;2022-07-01;2027-06-30;;;Brasilien;7.0;1.0;61.0;61.0;;18.0;25;2.60;6;0;8;14;2;0;0;1538;;;6;0;256;http://www.instagram.com/davidneres/;https://www.transfermarkt.ch/david-neres/profil/spieler/469822;20230422105938
Portugal;Liga Portugal;1.Liga;Benfica;15.0;Gonçalo Guedes;28000000.0;2023-03-02;40000000.0;2018-01-01;€;26;179.0;Portugal;rechts;Hängende Spitze;Gestifute;Nike;2023-01-19;2023-06-30;;Portugal;;32.0;7.0;33.0;31.0;;4.0;7;2.57;1;0;3;4;1;0;0;336;;;0;0;336;http://www.instagram.com/goncaloguedes15/;https://www.transfermarkt.ch/goncalo-guedes/profil/spieler/225122;20230422105952
Portugal;Liga Portugal;1.Liga;Benfica;27.0;Rafa;23000000.0;2022-11-01;30000000.0;2019-12-30;€;29;172.0;Portugal;rechts;Hängende Spitze;Onsoccer;;2016-08-31;2024-06-30;;;Portugal;25.0;0.0;71.0;67.0;;16.0;22;2.41;6;0;2;12;6;0;0;1695;;;5;0;283;http://www.instagram.com/rafaelalexandresilva/;https://www.transfermarkt.ch/rafa/profil/spieler/238055;20230422110005
Portugal;Liga Portugal;1.Liga;Benfica;88.0;Gonçalo Ramos;40000000.0;2023-03-02;40000000.0;2023-03-02;€;21;185.0;Portugal;rechts;Mittelstürmer;Gestifute;Nike;2020-10-01;2026-06-30;;Portugal;;7.0;4.0;86.0;74.0;;34.0;24;2.46;17;0;0;18;2;1;0;1874;;;6;0;110;http://www.instagram.com/goncaloramos88/;https://www.transfermarkt.ch/goncalo-ramos/profil/spieler/550550;20230422110020
Portugal;Liga Portugal;1.Liga;Benfica;19.0;Casper Tengstedt;6000000.0;2023-03-02;6000000.0;2023-03-02;€;22;184.0;Dänemark;rechts;Mittelstürmer;People In Sport;;2023-01-11;2028-06-30;;Dänemark U21;;5.0;1.0;0.0;2.0;;0.0;3;2.00;0;0;3;0;0;0;0;20;;;0;0;;http://www.instagram.com/caspertengstedt/;https://www.transfermarkt.ch/casper-tengstedt/profil/spieler/464598;20230422110032
Portugal;Liga Portugal;1.Liga;Benfica;33.0;Petar Musa;5000000.0;2022-11-01;5000000.0;2022-05-31;€;25;190.0;Kroatien;rechts;Mittelstürmer;UT s.r.o;;2022-07-02;2027-06-30;;Kroatien;;2.0;0.0;7.0;21.0;;10.0;24;2.54;5;0;22;2;1;0;0;532;;;2;0;106;;https://www.transfermarkt.ch/petar-musa/profil/spieler/387110;20230422110049
Portugal;Liga Portugal;1.Liga;FC Porto;99.0;Diogo Costa;45000000.0;2023-03-02;45000000.0;2023-03-02;€;23;186.0;Portugal;rechts;Torwart;Gestifute;adidas;2019-07-01;2027-06-30;;Portugal;;11.0;0.0;96.0;96.0;0.0;;27;2.37;0;2;0;0;1;0;0;2430;19;12;;;;http://www.instagram.com/diogomcosta99/;https://www.transfermarkt.ch/diogo-costa/profil/spieler/357153;20230422110110
Portugal;Liga Portugal;1.Liga;FC Porto;14.0;Cláudio Ramos;1500000.0;2022-11-01;2000000.0;2018-11-01;€;31;183.0;Portugal;rechts;Torwart;MNM Sports Management;;2020-08-14;2024-06-30;;;Portugal;1.0;0.0;4.0;4.0;0.0;;1;3.00;0;0;0;0;1;0;0;90;0;1;;;;http://www.instagram.com/claudioramos1/;https://www.transfermarkt.ch/claudio-ramos/profil/spieler/155396;20230422110122
Portugal;Liga Portugal;1.Liga;FC Porto;94.0;Samuel;1500000.0;2022-11-01;1500000.0;2021-12-27;€;29;188.0;Brasilien;rechts;Torwart;;;2022-09-01;2027-06-30;;;;;;14.0;14.0;0.0;;0;;0;0;0;0;0;0;0;;0;0;;;;;https://www.transfermarkt.ch/samuel/profil/spieler/284701;20230422110137
Portugal;Liga Portugal;1.Liga;FC Porto;4.0;David Carmo;16000000.0;2023-03-02;20000000.0;2022-09-16;€;23;196.0;Portugal;links;Innenverteidiger;Proeleven S.A.;;2022-07-05;2027-06-30;;Portugal;;0.0;0.0;25.0;25.0;;0.0;8;2.13;0;0;1;0;1;0;0;631;;;0;0;;http://www.instagram.com/d__carmo92/;https://www.transfermarkt.ch/david-carmo/profil/spieler/498237;20230422110203
Portugal;Liga Portugal;1.Liga;FC Porto;2.0;Fábio Cardoso;4000000.0;2023-03-02;4000000.0;2023-03-02;€;29;187.0;Portugal;rechts;Innenverteidiger;Gestifute;;2021-07-01;2026-06-30;;;Portugal U21;0.0;0.0;46.0;46.0;;3.0;15;2.27;2;0;2;2;4;0;0;1168;;;0;0;584;http://www.instagram.com/fcardoso6/;https://www.transfermarkt.ch/fabio-cardoso/profil/spieler/155025;20230422110218
Portugal;Liga Portugal;1.Liga;FC Porto;3.0;Pepe;1000000.0;2022-11-01;30000000.0;2007-07-10;€;40;187.0;Portugal;rechts;Innenverteidiger;Gestifute;Umbro;2019-01-08;2023-06-30;;Portugal;;133.0;8.0;57.0;58.0;;0.0;18;2.67;0;1;2;0;4;0;0;1452;;;0;0;;http://www.instagram.com/official_pepe/;https://www.transfermarkt.ch/pepe/profil/spieler/14132;20230422110233
Portugal;Liga Portugal;1.Liga;FC Porto;5.0;Marcano;500000.0;2022-11-01;8000000.0;2017-02-22;€;35;189.0;Spanien;links;Innenverteidiger;IDUB GLOBAL;;2019-07-11;2023-06-30;;;Spanien U21;1.0;0.0;71.0;70.0;;5.0;20;2.50;3;0;0;2;7;0;0;1772;;;0;0;591;http://www.instagram.com/marcano5.oficial/;https://www.transfermarkt.ch/marcano/profil/spieler/57723;20230422110247
Portugal;Liga Portugal;1.Liga;FC Porto;12.0;Zaidu;10000000.0;2022-11-01;10000000.0;2022-05-31;€;25;182.0;Nigeria;links;Linker Verteidiger;Gestifute;;2020-08-30;2027-06-30;;Nigeria;;11.0;0.0;36.0;42.0;;0.0;18;2.17;0;0;8;5;3;0;0;1048;;;0;0;;http://www.instagram.com/zaidu_m3/;https://www.transfermarkt.ch/zaidu/profil/spieler/544784;20230422110301
Portugal;Liga Portugal;1.Liga;FC Porto;22.0;Wendell;5000000.0;2022-11-01;25000000.0;2018-10-22;€;29;176.0;Brasilien;links;Linker Verteidiger;;;2021-08-19;2025-06-30;;;Brasilien;0.0;0.0;64.0;57.0;;5.0;20;2.50;1;0;2;10;4;0;0;1439;;;2;0;1439;http://www.instagram.com/wendellborges18/;https://www.transfermarkt.ch/wendell/profil/spieler/228433;20230422110313
Portugal;Liga Portugal;1.Liga;FC Porto;23.0;João Mário;16000000.0;2023-03-02;16000000.0;2023-03-02;€;23;178.0;Portugal;beidfüßig;Rechter Verteidiger;Gestifute;;2020-09-01;2027-06-30;unbekannte VerletzungRückkehr unbekannt;Portugal U21;;15.0;1.0;54.0;47.0;;8.0;18;2.56;1;0;3;9;3;0;1;1195;;;4;0;1195;;https://www.transfermarkt.ch/joao-mario/profil/spieler/537602;20230422110331
Portugal;Liga Portugal;1.Liga;FC Porto;18.0;Wilson Manafá;3000000.0;2023-03-02;7000000.0;2021-05-21;€;28;177.0;Portugal;rechts;Rechter Verteidiger;MadeinFootball;;2023-02-08;2023-06-30;;;Portugal U20;0.0;0.0;30.0;23.0;;0.0;5;3.00;0;0;2;3;1;0;0;204;;;0;0;;http://www.instagram.com/wilsonmanafa;https://www.transfermarkt.ch/wilson-manafa/profil/spieler/257388;20230422110344
Portugal;Liga Portugal;1.Liga;FC Porto;17.0;Rodrigo Conceição;1500000.0;2022-11-01;1500000.0;2022-11-01;€;23;175.0;Portugal;rechts;Rechter Verteidiger;;;2022-07-01;2024-06-30;;Portugal U21;;3.0;0.0;21.0;20.0;;0.0;14;2.14;0;0;8;6;0;0;0;515;;;0;0;;http://www.instagram.com/rodrigo_conceicao7/;https://www.transfermarkt.ch/rodrigo-conceicao/profil/spieler/426213;20230422110402
Portugal;Liga Portugal;1.Liga;FC Porto;8.0;Mateus Uribe;10000000.0;2023-03-02;16000000.0;2021-12-27;€;32;182.0;Kolumbien;rechts;Defensives Mittelfeld;Onze Sports;;2019-08-04;2023-06-30;;Kolumbien;;45.0;5.0;89.0;83.0;;7.0;26;2.35;4;0;1;6;4;1;0;2084;;;0;2;521;http://www.instagram.com/matheus_uribe/?hl=es;https://www.transfermarkt.ch/mateus-uribe/profil/spieler/214538;20230422110419
Portugal;Liga Portugal;1.Liga;FC Porto;16.0;Marko Grujić;9000000.0;2022-11-01;20000000.0;2019-06-05;€;27;191.0;Serbien;rechts;Defensives Mittelfeld;ROOF;Nike;2022-07-01;2026-06-30;;Serbien;;21.0;0.0;43.0;38.0;;2.0;19;2.58;1;0;7;7;5;0;0;945;;;0;0;945;http://www.instagram.com/grujicmarko/;https://www.transfermarkt.ch/marko-gruji%C4%87/profil/spieler/222813;20230422110433
Portugal;Liga Portugal;1.Liga;FC Porto;46.0;Stephen Eustaquio;10000000.0;2023-03-02;10000000.0;2023-03-02;€;26;177.0;Kanada;rechts;Zentrales Mittelfeld;CTS-SMI;adidas;2022-07-01;2027-06-30;;Kanada;;30.0;3.0;50.0;51.0;;12.0;23;2.48;2;0;9;9;2;1;0;1283;;;5;0;642;http://www.instagram.com/stepheustaquio/;https://www.transfermarkt.ch/stephen-eustaquio/profil/spieler/512913;20230422110453
Portugal;Liga Sabseg;2.Liga;FC Porto B;28.0;Bruno Costa;2000000.0;2023-03-02;2500000.0;2021-05-21;€;26;174.0;Portugal;rechts;Zentrales Mittelfeld;MRP.POSITIONUMBER;;2023-01-01;2024-06-30;;;Portugal U21;3.0;0.0;64.0;63.0;;14.0;9;1.44;3;0;0;2;3;0;0;792;;;0;3;264;http://www.instagram.com/bruno7costa/;https://www.transfermarkt.ch/bruno-costa/profil/spieler/344519;20230422110513
Portugal;Liga Portugal;1.Liga;FC Porto;87.0;Bernardo Folha;1000000.0;2023-03-02;1000000.0;2023-03-02;€;21;180.0;Portugal;rechts;Zentrales Mittelfeld;Nomi Sports;;2023-01-01;2024-06-30;;;Portugal U21;1.0;0.0;7.0;4.0;;0.0;4;3.00;0;0;3;0;0;1;0;52;;;0;0;;http://www.instagram.com/bernardo.folha/;https://www.transfermarkt.ch/bernardo-folha/profil/spieler/723733;20230422110532
Portugal;Liga Portugal;1.Liga;FC Porto;25.0;Otávio;30000000.0;2022-11-01;30000000.0;2022-05-31;€;28;172.0;Portugal;rechts;Offensives Mittelfeld;Livesoccer;;2014-09-01;2025-06-30;;Portugal;;12.0;3.0;71.0;73.0;;15.0;22;2.32;4;0;2;4;4;0;0;1840;;;5;0;460;http://www.instagram.com/otaviomonteiroo/;https://www.transfermarkt.ch/otavio/profil/spieler/231289;20230422110548
Portugal;Liga Portugal;1.Liga;FC Porto;20.0;André Franco;3500000.0;2022-11-01;3500000.0;2022-03-10;€;25;177.0;Portugal;links;Offensives Mittelfeld;Promoesport;;2022-08-04;2027-06-30;;;;;;18.0;21.0;;3.0;12;2.42;2;0;7;4;2;0;0;526;;;0;0;263;;https://www.transfermarkt.ch/andre-franco/profil/spieler/448470;20230422110602
Portugal;Liga Portugal;1.Liga;FC Porto;11.0;Pepê;22000000.0;2022-11-01;22000000.0;2022-11-01;€;26;175.0;Brasilien;rechts;Linksaußen;Bertolucci Sports;;2021-07-01;2027-06-30;;;Brasilien U23;6.0;3.0;79.0;84.0;;17.0;28;2.39;4;0;6;7;1;0;0;2105;;;6;0;526;http://www.instagram.com/pepe/;https://www.transfermarkt.ch/pepe/profil/spieler/520662;20230422110627
Portugal;Liga Portugal;1.Liga;FC Porto;13.0;Galeno;20000000.0;2023-03-02;20000000.0;2023-03-02;€;25;179.0;Brasilien;rechts;Linksaußen;Bertolucci Sports;;2022-01-31;2027-06-30;;;;;;54.0;61.0;;17.0;25;2.44;8;0;10;10;4;0;0;1534;;;2;1;192;http://www.instagram.com/w_galeno90/;https://www.transfermarkt.ch/galeno/profil/spieler/454121;20230422110641
Portugal;Liga Portugal;1.Liga;FC Porto;38.0;Fernando Andrade;800000.0;2022-11-01;4000000.0;2020-01-03;€;30;182.0;Brasilien;rechts;Linksaußen;Bruno Serafim;;2019-01-04;2023-06-30;;;;;;0.0;0.0;;0.0;0;;0;0;0;0;0;0;0;;;;0;0;;http://www.instagram.com/fernandoasnt93/;https://www.transfermarkt.ch/fernando-andrade/profil/spieler/236537;20230422110702
Portugal;Liga Portugal;1.Liga;FC Porto;7.0;Gabriel Veron;12000000.0;2022-11-01;25000000.0;2020-02-20;€;20;176.0;Brasilien;rechts;Rechtsaußen;Fabio Mello Sports;Puma;2022-07-22;2027-06-30;;;Brasilien U20;0.0;0.0;7.0;13.0;;3.0;13;2.08;0;0;11;2;1;0;0;318;;;2;0;;http://www.instagram.com/gabrielveron_/;https://www.transfermarkt.ch/gabriel-veron/profil/spieler/627221;20230422110722
Portugal;Liga Sabseg;2.Liga;FC Porto B;70.0;Gonçalo Borges;2000000.0;2022-11-01;2000000.0;2022-09-16;€;22;184.0;Portugal;rechts;Rechtsaußen;Unique Sports Group;;2020-07-01;2027-06-30;;;Portugal U21;2.0;0.0;36.0;32.0;;13.0;10;1.90;3;0;0;8;1;0;0;812;;;2;0;271;http://www.instagram.com/_gongas11/;https://www.transfermarkt.ch/goncalo-borges/profil/spieler/479649;20230422110736
Portugal;Liga Portugal;1.Liga;FC Porto;30.0;Evanilson;22000000.0;2022-11-01;22000000.0;2022-05-31;€;23;183.0;Brasilien;beidfüßig;Mittelstürmer;Brazil Soccer;;2020-09-09;2027-06-30;;;Brasilien U23;2.0;0.0;46.0;40.0;;20.0;17;2.29;6;0;4;12;1;0;0;1014;;;6;0;169;http://www.instagram.com/evanilsonlima99/;https://www.transfermarkt.ch/evanilson/profil/spieler/711337;20230422110759
Portugal;Liga Portugal;1.Liga;FC Porto;9.0;Mehdi Taremi;20000000.0;2022-11-01;20000000.0;2022-05-31;€;30;185.0;Iran;rechts;Mittelstürmer;;Nike;2020-08-31;2024-06-30;;Iran;;65.0;30.0;89.0;84.0;;35.0;27;2.37;14;0;2;17;5;0;0;2113;;;7;2;151;http://www.instagram.com/mehditaremiofficial9/;https://www.transfermarkt.ch/mehdi-taremi/profil/spieler/307058;20230422110813
Portugal;Liga Portugal;1.Liga;FC Porto;29.0;Toni Martínez;7000000.0;2022-11-01;7000000.0;2020-08-17;€;25;187.0;Spanien;rechts;Mittelstürmer;LEADERBROCK;New Balance;2020-10-04;2027-06-30;;;Spanien U19;2.0;0.0;32.0;39.0;;13.0;25;2.40;4;0;16;8;0;0;0;970;;;4;0;243;http://www.instagram.com/antoniomtnez_29/;https://www.transfermarkt.ch/toni-martinez/profil/spieler/302371;20230422110828
Portugal;Liga Portugal;1.Liga;FC Porto;19.0;Danny Namaso;3000000.0;2022-11-01;3000000.0;2022-09-16;€;22;182.0;England;rechts;Mittelstürmer;Familienangehörige;Puma;2022-07-01;2025-06-30;;;England U20;9.0;1.0;18.0;16.0;;8.0;17;2.18;2;0;12;5;1;0;0;401;;;3;0;201;http://www.instagram.com/dannynamaso/;https://www.transfermarkt.ch/danny-namaso/profil/spieler/392767;20230422110840
Türkei;1.Lig;2.Liga;Samsunspor;29.0;Jakub Szumski;300000.0;2023-04-03;400000.0;2021-05-21;€;31;194.0;Polen;rechts;Torwart;Familienangehörige;;2022-07-01;2024-06-30;;;Polen U21;10.0;0.0;94.0;94.0;13.0;;31;2.13;0;0;0;0;2;0;0;2790;23;13;;;;http://www.instagram.com/szumskikuba/;https://www.transfermarkt.ch/jakub-szumski/profil/spieler/157848;20230422105457
Türkei;1.Lig;2.Liga;Samsunspor;1.0;Aykut Özer;100000.0;2023-04-03;525000.0;2021-03-16;€;30;187.0;Türkei;rechts;Torwart;Familienangehörige;;2021-07-14;2024-06-30;;;Türkei U21;6.0;0.0;0.0;0.0;0.0;;0;;0;0;0;0;0;0;0;;0;0;;;;http://www.instagram.com/aykutozer.93/;https://www.transfermarkt.ch/aykut-ozer/profil/spieler/117518;20230422105514
Türkei;1.Lig;2.Liga;Samsunspor;45.0;Halil Yeral;25000.0;2023-04-03;75000.0;2021-05-27;€;23;190.0;Türkei;rechts;Torwart;Öner Karalar;;2023-01-26;2025-06-30;;;Türkei U21;0.0;0.0;;;;;;;;;;;;;;;;;;;;http://www.instagram.com/halilyeral_/;https://www.transfermarkt.ch/halil-yeral/profil/spieler/511119;20230422105528
Türkei;1.Lig;2.Liga;Samsunspor;52.0;Ali Taha Demir;25000.0;2023-04-03;25000.0;2022-11-15;€;18;200.0;Türkei;rechts;Torwart;;;2022-07-01;2024-06-30;;;;;;0.0;0.0;0.0;;0;;0;0;0;0;0;0;0;;0;0;;;;http://www.instagram.com/alitahademirr/;https://www.transfermarkt.ch/ali-taha-demir/profil/spieler/924333;20230422105543
Türkei;1.Lig;2.Liga;Samsunspor;22.0;Yunus Emre Cift;750000.0;2023-04-03;750000.0;2023-04-03;€;19;185.0;Türkei;rechts;Innenverteidiger;;;2021-01-23;2027-06-30;Gelbsperre - 1.Ligbis 24.04.2023;Türkei U21;;1.0;0.0;64.0;67.0;;2.0;25;2.36;1;0;4;1;4;0;0;1985;;;0;0;1985;http://instagram.com/yunusemrecift;https://www.transfermarkt.ch/yunus-emre-cift/profil/spieler/821622;20230422105605
Türkei;1.Lig;2.Liga;Samsunspor;5.0;Alim Öztürk;400000.0;2023-04-03;500000.0;2022-03-17;€;30;191.0;Türkei;rechts;Innenverteidiger;;;2022-07-01;2024-06-30;;;Türkei U21;4.0;0.0;88.0;84.0;;5.0;29;2.24;3;1;0;2;7;0;1;2502;;;0;0;834;http://www.instagram.com/alimozturk5/;https://www.transfermarkt.ch/alim-ozturk/profil/spieler/189186;20230422105617
Türkei;1.Lig;2.Liga;Samsunspor;55.0;Yusuf Abdioglu;300000.0;2023-04-03;650000.0;2020-10-12;€;33;181.0;Türkei;rechts;Innenverteidiger;B&B Sports Management;;2022-07-01;2024-06-30;;;;;;39.0;39.0;;5.0;18;2.00;2;0;5;4;4;0;1;1163;;;1;0;582;http://www.instagram.com/abdiogluyusuf/;https://www.transfermarkt.ch/yusuf-abdioglu/profil/spieler/199938;20230422105636
Türkei;1.Lig;2.Liga;Samsunspor;3.0;Elano Yegen;125000.0;2023-04-03;125000.0;2022-06-23;€;20;191.0;Niederlande;beidfüßig;Innenverteidiger;Iconics Management;;2023-02-01;2026-06-30;;;;;;0.0;0.0;;0.0;0;;0;0;0;0;0;0;0;;;;0;0;;http://www.instagram.com/elanoyegen/;https://www.transfermarkt.ch/elano-yegen/profil/spieler/811114;20230422105656
Türkei;1.Lig;2.Liga;Samsunspor;;Guy Serge Yameogo;100000.0;2023-04-03;300000.0;2020-12-30;€;22;184.0;Elfenbeinküste;rechts;Innenverteidiger;CSM Sport & Entertainment;;2020-08-19;2025-06-30;keine Spielberechtigung - 1.Lig;;;;;0.0;3.0;;0.0;1;0.00;0;0;1;0;0;0;0;44;;;0;0;;http://www.instagram.com/guyserge24/;https://www.transfermarkt.ch/guy-serge-yameogo/profil/spieler/568436;20230422105716
Türkei;1.Lig;2.Liga;Samsunspor;4.0;Berk Taskin;100000.0;2023-04-03;200000.0;2022-11-15;€;25;185.0;Türkei;rechts;Innenverteidiger;;;2021-08-11;2025-06-30;;;;;;0.0;1.0;;0.0;3;2.33;0;0;3;0;0;0;0;26;;;0;0;;http://instagram.com/berktaskinn_/;https://www.transfermarkt.ch/berk-taskin/profil/spieler/354264;20230422105735
Türkei;1.Lig;2.Liga;Samsunspor;28.0;Soner Gönül;800000.0;2023-04-03;800000.0;2021-06-02;€;25;177.0;Türkei;links;Linker Verteidiger;;;2021-07-01;2025-06-30;;;;;;61.0;63.0;;0.0;22;2.18;0;0;2;1;5;0;0;1861;;;0;0;;http://www.instagram.com/sonergonul28/;https://www.transfermarkt.ch/soner-gonul/profil/spieler/340967;20230422105803
Türkei;1.Lig;2.Liga;Samsunspor;53.0;Mücahid Albayrak;200000.0;2023-04-03;275000.0;2022-06-10;€;31;180.0;Türkei;links;Linker Verteidiger;;;2022-07-01;2024-06-30;;;;;;27.0;26.0;;2.0;10;1.90;0;0;1;1;2;0;0;765;;;1;0;;http://www.instagram.com/mucahidalbayrak/;https://www.transfermarkt.ch/mucahid-albayrak/profil/spieler/292496;20230422105824
Türkei;1.Lig;2.Liga;Samsunspor;18.0;Zeki Yavru;500000.0;2023-04-03;2500000.0;2016-07-15;€;31;178.0;Türkei;rechts;Rechter Verteidiger;MEK Football;;2022-08-03;2024-06-30;;;Türkei U23;3.0;0.0;85.0;83.0;;6.0;28;2.04;2;0;0;3;3;0;1;2478;;;2;1;1239;;https://www.transfermarkt.ch/zeki-yavru/profil/spieler/98131;20230422105846
Türkei;1.Lig;2.Liga;Samsunspor;2.0;Ali Ülgen;400000.0;2023-04-03;425000.0;2022-11-15;€;23;176.0;Türkei;rechts;Rechter Verteidiger;mgsportsmngr;;2021-07-14;2025-06-30;;;Türkei U19;1.0;0.0;36.0;31.0;;8.0;17;2.18;3;0;5;9;2;0;0;925;;;2;0;308;http://www.instagram.com/aliulgen/;https://www.transfermarkt.ch/ali-ulgen/profil/spieler/352662;20230422105902
Türkei;1.Lig;2.Liga;Samsunspor;15.0;Youssef Aït Bennasser;800000.0;2023-04-03;10000000.0;2018-12-17;€;26;184.0;Marokko;rechts;Defensives Mittelfeld;Global Compensation;;2023-02-17;2025-06-30;;;Marokko;23.0;0.0;76.0;71.0;;8.0;8;2.63;0;0;1;3;0;0;0;576;;;0;0;;http://www.instagram.com/youssefaitben_6/;https://www.transfermarkt.ch/youssef-ait-bennasser/profil/spieler/265569;20230422105922
Türkei;1.Lig;2.Liga;Samsunspor;88.0;Osman Celik;150000.0;2023-04-03;700000.0;2016-07-15;€;31;182.0;Türkei;rechts;Defensives Mittelfeld;;;2021-07-05;2023-06-30;;;;;;73.0;68.0;;2.0;26;2.15;1;0;2;12;2;0;0;2005;;;0;0;2005;;https://www.transfermarkt.ch/osman-celik/profil/spieler/293661;20230422105938
Türkei;1.Lig;2.Liga;Samsunspor;23.0;Ali Kaan Güneren;900000.0;2023-04-03;925000.0;2022-11-15;€;23;183.0;Türkei;rechts;Zentrales Mittelfeld;C&C Sportmanagement;;2022-09-08;2023-06-30;;Türkei U21;;8.0;0.0;55.0;56.0;;7.0;22;2.32;1;0;6;10;3;0;0;1461;;;3;0;1461;http://instagram.com/alikaanguneren?igshid=YmMyMTA2M2Y=;https://www.transfermarkt.ch/ali-kaan-guneren/profil/spieler/483495;20230422110000
Türkei;1.Lig;2.Liga;Samsunspor;11.0;Soner Aydogdu;800000.0;2023-04-03;4200000.0;2013-06-13;€;32;180.0;Türkei;links;Zentrales Mittelfeld;C&C Sportmanagement;;2023-01-26;2025-06-30;;;Türkei;2.0;0.0;23.0;30.0;;10.0;9;2.67;2;0;6;3;3;0;0;352;;;1;0;176;http://www.instagram.com/soneraydogduu/;https://www.transfermarkt.ch/soner-aydogdu/profil/spieler/85291;20230422110013
Türkei;1.Lig;2.Liga;Samsunspor;6.0;Celil Yüksel;700000.0;2023-04-03;700000.0;2022-01-17;€;25;171.0;Türkei;rechts;Zentrales Mittelfeld;EMG Mundial;;2022-07-01;2025-06-30;;;Türkei U23;0.0;0.0;67.0;55.0;;0.0;27;2.26;0;0;5;22;4;0;0;1635;;;0;0;;http://www.instagram.com/celilyuksel55/;https://www.transfermarkt.ch/celil-yuksel/profil/spieler/336074;20230422110029
Türkei;1.Lig;2.Liga;Samsunspor;8.0;Cihan Kahraman;425000.0;2023-04-03;425000.0;2023-04-03;€;24;175.0;Türkei;rechts;Zentrales Mittelfeld;ROGON U23;;2021-08-09;2025-06-30;;Türkei U23;;3.0;0.0;15.0;21.0;;9.0;19;2.05;1;0;14;3;1;0;0;632;;;5;0;632;http://www.instagram.com/cihankahraman36/;https://www.transfermarkt.ch/cihan-kahraman/profil/spieler/303308;20230422110050
Türkei;1.Lig;2.Liga;Samsunspor;40.0;Yusuf Gültekin;200000.0;2023-04-03;400000.0;2017-06-30;€;30;180.0;Türkei;links;Zentrales Mittelfeld;Familienangehörige;;2022-07-14;2024-06-30;;;Türkei U20;2.0;0.0;36.0;39.0;;6.0;20;1.95;0;0;8;5;5;0;0;1158;;;4;0;;http://www.instagram.com/yusufemregultekinn/;https://www.transfermarkt.ch/yusuf-gultekin/profil/spieler/184444;20230422110101
Türkei;1.Lig;2.Liga;Samsunspor;;Emir Hakan Patan;25000.0;2023-04-03;25000.0;2022-11-15;€;20;175.0;Türkei;rechts;Zentrales Mittelfeld;;;2022-07-01;2026-06-30;;;;;;;;;;;;;;;;;;;;;;;;;http://www.instagram.com/emirhakanp0/;https://www.transfermarkt.ch/emir-hakan-patan/profil/spieler/963320;20230422110116
Türkei;1.Lig;2.Liga;Samsunspor;80.0;Atakan Mert Özdemir;25000.0;2023-04-03;25000.0;2022-11-15;€;18;175.0;Türkei;rechts;Zentrales Mittelfeld;;;2022-07-01;2024-06-30;;;;;;;;;;;;;;;;;;;;;;;;;http://www.instagram.com/atakn.mert/;https://www.transfermarkt.ch/atakan-mert-ozdemir/profil/spieler/820260;20230422110141
Türkei;1.Lig;2.Liga;Samsunspor;19.0;Emre Demir;1500000.0;2023-04-03;1800000.0;2022-06-01;€;19;175.0;Türkei;links;Offensives Mittelfeld;Foot & Ball;adidas;2023-02-03;2023-06-30;;Türkei U19;;12.0;1.0;0.0;2.0;;4.0;2;1.50;1;0;2;0;0;0;0;18;;;0;0;18;http://www.instagram.com/emre_demir10/;https://www.transfermarkt.ch/emre-demir/profil/spieler/637669;20230422110202
Türkei;1.Lig;2.Liga;Samsunspor;20.0;Muhammet Ali Özbaskici;350000.0;2023-04-03;350000.0;2022-11-15;€;17;172.0;Türkei;rechts;Offensives Mittelfeld;;;2022-07-01;2025-06-30;TrainingsrückstandRückkehr unbekannt;;Türkei U18;0.0;0.0;6.0;10.0;;2.0;11;2.00;1;0;9;3;1;0;0;285;;;0;0;285;http://www.instagram.com/mozbskci.20/;https://www.transfermarkt.ch/muhammet-ali-ozbaskici/profil/spieler/928352;20230422110215
Türkei;1.Lig;2.Liga;Samsunspor;7.0;Moryké Fofana;400000.0;2023-04-03;1200000.0;2019-01-04;€;31;175.0;Elfenbeinküste;beidfüßig;Linksaußen;ELITE CONSULTING MANAGEMENT;;2021-08-17;2024-06-30;;;;;;36.0;39.0;;11.0;21;2.10;4;0;9;9;1;0;0;1151;;;3;0;288;http://www.instagram.com/fofimory21/;https://www.transfermarkt.ch/moryke-fofana/profil/spieler/240497;20230422110231
Türkei;1.Lig;2.Liga;Samsunspor;93.0;Kadeem Harris;750000.0;2023-04-03;1500000.0;2020-02-27;€;29;174.0;England;rechts;Rechtsaußen;PowerHause SG;;2022-07-23;2024-06-30;;;;;;45.0;46.0;;6.0;23;2.04;2;0;8;8;2;0;0;1351;;;2;0;676;http://www.instagram.com/k_millerharris/;https://www.transfermarkt.ch/kadeem-harris/profil/spieler/136501;20230422110251
Türkei;1.Lig;2.Liga;Samsunspor;17.0;Baris Alici;550000.0;2023-04-03;2000000.0;2018-10-11;€;25;180.0;Türkei;rechts;Rechtsaußen;GROW;;2023-02-01;2024-06-30;;;Türkei U21;5.0;0.0;55.0;57.0;;13.0;1;1.00;0;0;1;0;0;0;0;18;;;0;0;;http://www.instagram.com/barisalici/;https://www.transfermarkt.ch/baris-alici/profil/spieler/355566;20230422110313
Türkei;1.Lig;2.Liga;Samsunspor;97.0;Polat Yaldir;225000.0;2023-04-03;275000.0;2022-06-10;€;19;184.0;Türkei;rechts;Rechtsaußen;;;2021-07-01;2026-06-30;;Türkei U23;;5.0;0.0;0.0;1.0;;2.0;9;2.33;0;0;9;0;1;0;0;29;;;1;0;;http://www.instagram.com/polatyaldir/;https://www.transfermarkt.ch/polat-yaldir/profil/spieler/852616;20230422110335
Türkei;1.Lig;2.Liga;Samsunspor;14.0;Moussa Guel;150000.0;2023-04-03;500000.0;2020-11-11;€;23;171.0;Elfenbeinküste;rechts;Rechtsaußen;Playeleven;;2023-01-12;2025-06-30;;;;;;0.0;0.0;;0.0;2;2.00;0;0;2;0;0;0;0;;;;0;0;;http://www.instagram.com/evo_jyze/;https://www.transfermarkt.ch/moussa-guel/profil/spieler/556371;20230422110351
Türkei;1.Lig;2.Liga;Samsunspor;27.0;Gaëtan Laura;1200000.0;2023-04-03;1200000.0;2021-06-25;€;27;182.0;DR Kongo;rechts;Mittelstürmer;FS Management;;2022-07-01;2025-06-30;;;DR Kongo;0.0;0.0;67.0;63.0;;25.0;27;2.00;11;0;5;13;5;0;0;1858;;;5;0;169;;https://www.transfermarkt.ch/gaetan-laura/profil/spieler/291124;20230422110411
Türkei;1.Lig;2.Liga;Samsunspor;99.0;Douglas Tanque;1200000.0;2023-04-03;2000000.0;2021-01-28;€;29;188.0;Brasilien;links;Mittelstürmer;AKI&DESIDERIO;;2022-08-09;2024-06-30;;;;;;70.0;61.0;;25.0;26;2.23;14;0;3;21;3;0;1;1800;;;2;2;129;http://www.instagram.com/douglastanqueoficial/;https://www.transfermarkt.ch/douglas-tanque/profil/spieler/168530;20230422110427
Türkei;1.Lig;2.Liga;Samsunspor;9.0;Ahmet Sagat;700000.0;2023-04-03;700000.0;2023-04-03;€;26;187.0;Deutschland;beidfüßig;Mittelstürmer;KICK OFF Consulting GmbH;;2022-07-04;2025-06-30;;;;;;15.0;22.0;;14.0;24;2.25;6;0;19;4;2;0;0;639;;;3;1;107;http://www.instagram.com/asagat9/;https://www.transfermarkt.ch/ahmet-sagat/profil/spieler/299717;20230422110453
Türkei;1.Lig;2.Liga;Samsunspor;10.0;Tomané;325000.0;2023-04-03;2500000.0;2015-07-01;€;30;186.0;Portugal;rechts;Mittelstürmer;MRP.POSITIONUMBER;;2020-09-17;2023-06-30;;;Portugal U21;4.0;0.0;0.0;4.0;;2.0;8;2.38;1;0;8;0;1;0;0;113;;;0;0;113;http://www.instagram.com/tomane9/;https://www.transfermarkt.ch/tomane/profil/spieler/139393;20230422110519
Türkei;1.Lig;2.Liga;Eyüpspor;44.0;Abdulsamed Damlu;450000.0;2023-04-03;800000.0;2021-03-16;€;23;191.0;Türkei;links;Torwart;TuncayMaldan;;2023-03-03;2023-06-30;;;Türkei U21;0.0;0.0;95.0;95.0;25.0;;21;0.90;0;0;0;0;5;0;0;1890;36;5;;;;;https://www.transfermarkt.ch/abdulsamed-damlu/profil/spieler/341649;20230422110537
Türkei;1.Lig;2.Liga;Eyüpspor;1.0;Harun Tekin;150000.0;2023-04-03;4500000.0;2017-01-10;€;33;187.0;Türkei;rechts;Torwart;;;2022-07-02;2024-06-30;;;Türkei;2.0;0.0;97.0;97.0;20.0;;31;1.74;0;0;0;0;2;0;0;2790;26;15;;;;http://www.instagram.com/haruntekin1/;https://www.transfermarkt.ch/harun-tekin/profil/spieler/85213;20230422110553
Türkei;1.Lig;2.Liga;Eyüpspor;26.0;Alp Köseer;75000.0;2023-04-03;150000.0;2022-02-14;€;20;185.0;Türkei;rechts;Torwart;Sezer Sezgin;;2022-07-01;2027-06-30;;;;;;0.0;0.0;0.0;;0;;0;0;0;0;0;0;0;;0;0;;;;;https://www.transfermarkt.ch/alp-koseer/profil/spieler/610740;20230422110611
Türkei;1.Lig;2.Liga;Eyüpspor;15.0;Emrullah Salk;25000.0;2023-04-03;500000.0;2015-06-25;€;35;190.0;Türkei;links;Torwart;Int. Sport-Management;;2020-09-15;2023-06-30;;;;;;0.0;0.0;0.0;;0;;0;0;0;0;0;0;0;;0;0;;;;;https://www.transfermarkt.ch/emrullah-salk/profil/spieler/64890;20230422110634
Türkei;1.Lig;2.Liga;Eyüpspor;5.0;Alpaslan Öztürk;700000.0;2023-04-03;2400000.0;2021-10-12;€;29;186.0;Türkei;rechts;Innenverteidiger;Goldplayers_cm;;2022-07-01;2023-06-30;;;Türkei;1.0;0.0;28.0;30.0;;3.0;13;1.77;1;0;4;1;1;1;0;874;;;0;0;874;http://www.instagram.com/ozturkgram/?hl=de;https://www.transfermarkt.ch/alpaslan-ozturk/profil/spieler/138736;20230422110656
Türkei;1.Lig;2.Liga;Eyüpspor;4.0;Luccas Claro;600000.0;2023-04-03;2250000.0;2015-05-31;€;31;180.0;Brasilien;rechts;Innenverteidiger;Forza Carreira Esportiva;;2022-08-09;2024-06-30;;;Brasilien U20;3.0;0.0;66.0;64.0;;3.0;23;1.52;1;0;2;2;0;0;0;1844;;;0;0;1844;;https://www.transfermarkt.ch/luccas-claro/profil/spieler/175179;20230422110710
Türkei;1.Lig;2.Liga;Eyüpspor;73.0;Fethi Özer;200000.0;2023-04-03;300000.0;2022-06-10;€;26;185.0;Türkei;rechts;Innenverteidiger;;;2022-07-01;2024-06-30;;;Türkei U21;1.0;0.0;9.0;9.0;;0.0;5;2.40;0;0;2;1;0;0;0;264;;;0;0;;;https://www.transfermarkt.ch/fethi-ozer/profil/spieler/280491;20230422110727
Türkei;1.Lig;2.Liga;Eyüpspor;18.0;Ugur Demirok;100000.0;2023-04-03;3750000.0;2016-07-15;€;34;185.0;Türkei;rechts;Innenverteidiger;GPA Turkey;Nike;2022-07-01;2024-06-30;;;Türkei;3.0;0.0;91.0;91.0;;14.0;29;1.76;4;0;0;0;7;0;0;2610;;;1;2;653;;https://www.transfermarkt.ch/ugur-demirok/profil/spieler/44977;20230422110748
Türkei;1.Lig;2.Liga;Eyüpspor;21.0;Berkay Dogan;50000.0;2023-04-03;75000.0;2021-06-11;€;20;187.0;Österreich;beidfüßig;Innenverteidiger;22 Sportsmanagement GmbH;;2022-08-21;2025-06-30;;;Österreich U18;0.0;0.0;0.0;0.0;;0.0;0;;0;0;0;0;0;0;0;;;;0;0;;;https://www.transfermarkt.ch/berkay-dogan/profil/spieler/488050;20230422110811
Türkei;1.Lig;2.Liga;Eyüpspor;37.0;Ahmet Özkaya;25000.0;2023-04-03;25000.0;2022-11-15;€;18;188.0;Türkei;links;Innenverteidiger;;;2022-08-04;2025-06-30;;;;;;0.0;0.0;;0.0;0;;0;0;0;0;0;0;0;;;;0;0;;http://instagram.com/ahmettozky5;https://www.transfermarkt.ch/ahmet-ozkaya/profil/spieler/955932;20230422110830
Griechenland;;;AE Evosmou;;Antonis Pertsiounis;;;10000.0;2021-06-28;;21;;Griechenland;;Mittelfeld;;;2022-07-01;2023-06-30;;;;;;;;;;;;;;;;;;;;;;;;;;https://www.transfermarkt.ch/antonis-pertsiounis/profil/spieler/836813;20230422105505
Griechenland;Super League 2;2.Liga;Iraklis;1.0;Markos Vellidis;150000.0;2023-02-27;1250000.0;2012-09-21;€;36;185.0;Griechenland;rechts;Torwart;;;2022-07-13;2024-06-30;;;Griechenland;1.0;0.0;83.0;85.0;0.0;;;;;;;;;;;;;;;;;;https://www.transfermarkt.ch/markos-vellidis/profil/spieler/27583;20230422105554
Griechenland;Super League 2;2.Liga;Kallithea;13.0;Panagiotis Vosniadis;100000.0;2023-02-27;250000.0;2012-04-09;€;33;190.0;Griechenland;rechts;Torwart;BELLATORsports;;2021-09-17;2023-06-30;;;;;;21.0;21.0;0.0;;;;;;;;;;;;;;;;;;https://www.transfermarkt.ch/panagiotis-vosniadis/profil/spieler/206693;20230422105615
Griechenland;Super League 2;2.Liga;Thesprotos;37.0;Vasilios Tsimopoulos;75000.0;2023-02-27;75000.0;2023-02-27;€;22;190.0;Griechenland;rechts;Torwart;ZAIX;;2022-08-27;2023-06-30;;;Griechenl. U18;0.0;0.0;95.0;95.0;0.0;;18.0;0.50;2.0;0;0;0;2.0;0;0;1620;30.0;1.0;;;;;https://www.transfermarkt.ch/vasilios-tsimopoulos/profil/spieler/458499;20230422105636
Griechenland;;;PO Moudanion;;Giannis Vantsis;;;;;;20;185.0;Griechenland;;Torwart;;;2022-07-01;2023-06-30;;;;;;;;;;;;;;;;;;;;;;;;;;https://www.transfermarkt.ch/giannis-vantsis/profil/spieler/836808;20230422105652
Griechenland;Super League 2;2.Liga;Anag. Karditsas;44.0;Apostolos Skondras;200000.0;2023-02-27;400000.0;2016-06-21;€;34;185.0;Griechenland;rechts;Innenverteidiger;ELITE SPORTS KSE LTD;;2022-08-05;2023-06-30;Gelbsperre - Super League 2bis 29.04.2023;;;;;74.0;70.0;;4.0;;;;;;;;;;;;;;;;;https://www.transfermarkt.ch/apostolos-skondras/profil/spieler/96813;20230422105740
Griechenland;;;FS Kozani;;Stelios Marangos;;;400000.0;2015-09-27;;33;182.0;Griechenland;rechts;Innenverteidiger;Sportseleven Berlin;;2023-01-31;2023-06-30;;;;;;;;;;;;;;;;;;;;;;;;;;https://www.transfermarkt.ch/stelios-marangos/profil/spieler/164470;20230422105807
Griechenland;Super League 2;2.Liga;OF Ierapetras;5.0;Dimitrios Stamou;125000.0;2023-02-27;350000.0;2011-11-21;€;31;185.0;Griechenland;rechts;Innenverteidiger;;;2022-09-02;2023-06-30;;;Griechenland U21;5.0;0.0;94.0;94.0;;0.0;;;;;;;;;;;;;;;;;https://www.transfermarkt.ch/dimitrios-stamou/profil/spieler/160510;20230422105845
Griechenland;;Veria NPS;Vereinslos;;Anastasios Tasiopoulos;25000.0;2022-06-27;25000.0;2021-06-28;€;18;;Griechenland;rechts;Innenverteidiger;;Puma;2023-01-17;;;;;;;;;;;;;;;;;;;;;;;;;;;https://www.transfermarkt.ch/anastasios-tasiopoulos/profil/spieler/887484;20230422105905
Griechenland;Super League 2;2.Liga;Panserraikos;3.0;Stavros Petavrakis;300000.0;2023-02-27;450000.0;2014-12-21;€;30;176.0;Griechenland;links;Linker Verteidiger;ohne Berater;;2022-07-15;2024-06-30;;;;;;83.0;83.0;;3.0;;;;;;;;;;;;;;;;;https://www.transfermarkt.ch/stavros-petavrakis/profil/spieler/179548;20230422105929
Griechenland;Super League 2;2.Liga;Veria NPS;93.0;Anastasios Papachristos;175000.0;2023-02-27;300000.0;2017-04-20;€;30;175.0;Griechenland;links;Linker Verteidiger;;;2020-08-28;2023-06-30;;;;;;42.0;43.0;;5.0;;;;;;;;;;;;;;;;;https://www.transfermarkt.ch/anastasios-papachristos/profil/spieler/193950;20230422105953
Griechenland;Super League 2;2.Liga;Veria NPS;2.0;Michalis Boukouvalas;150000.0;2023-02-27;700000.0;2009-12-26;€;35;169.0;Griechenland;rechts;Rechter Verteidiger;SG Agency;;2020-08-26;2023-06-30;;;Griechenland;0.0;0.0;84.0;83.0;;15.0;;;;;;;;;;;;;;;;;https://www.transfermarkt.ch/michalis-boukouvalas/profil/spieler/52390;20230422110016
Griechenland;Super League 2;2.Liga;Veria NPS;26.0;Asterios Mouchalis;150000.0;2023-02-27;175000.0;2022-06-27;€;26;175.0;Griechenland;rechts;Rechter Verteidiger;Familienangehörige;adidas;2018-07-01;2023-06-30;;;Griechenl. U18;2.0;0.0;42.0;45.0;;5.0;;;;;;;;;;;;;;;;;https://www.transfermarkt.ch/asterios-mouchalis/profil/spieler/287646;20230422110033
Griechenland;Super League 2;2.Liga;Veria NPS;7.0;Georgios Bletsas;150000.0;2023-02-27;200000.0;2021-06-28;€;27;184.0;Griechenland;links;Defensives Mittelfeld;;;2018-07-01;2023-06-30;;;;;;68.0;62.0;;0.0;;;;;;;;;;;;;;;;;https://www.transfermarkt.ch/georgios-bletsas/profil/spieler/342913;20230422110050
Griechenland;Super League 2;2.Liga;Panserraikos;6.0;Angelos Ikonomou;200000.0;2023-02-27;300000.0;2022-06-27;€;27;170.0;Griechenland;rechts;Zentrales Mittelfeld;ohne Berater;;2022-07-01;2023-06-30;KreuzbandverletzungRückkehr unbekannt;;Griechenld. U19;2.0;0.0;;;;;;;;;;;;;;;;;;;;;https://www.transfermarkt.ch/angelos-ikonomou/profil/spieler/161202;20230422110114
Griechenland;;Veria NPS;Karriereende;;Alexandros Vergonis;;;400000.0;2015-05-10;;37;188.0;Griechenland;links;Zentrales Mittelfeld;;;2021-07-01;;;;;;;;;;;;;;;;;;;;;;;;;;;https://www.transfermarkt.ch/alexandros-vergonis/profil/spieler/18923;20230422110131
Griechenland;N3 - Bourg.-Fr.-Comté;5.Liga;FC Montceau B.;;Di Giovanni Nouma Oum;;;50000.0;2020-10-06;;26;190.0;Frankreich;rechts;Zentrales Mittelfeld;;;2022-02-01;;;;;;;;;;;;;;;;;;;;;;;;;;;https://www.transfermarkt.ch/di-giovanni-nouma-oum/profil/spieler/395931;20230422110203
Griechenland;;;FS Kozani;;Alexandros Karagiannis;;;300000.0;2017-04-20;;29;173.0;Griechenland;links;Offensives Mittelfeld;KICK OFF SPORT MANAGEMENT;;2021-09-09;2023-06-30;;;;;;;;;;;;;;;;;;;;;;;;;;https://www.transfermarkt.ch/alexandros-karagiannis/profil/spieler/234135;20230422110235
Griechenland;;;Kampaniakos;;Stelios Pozoglou;;;350000.0;2015-09-27;;27;174.0;Griechenland;rechts;Linksaußen;cts;;2023-01-16;2023-06-30;;;Griechenld. U19;10.0;2.0;;;;;;;;;;;;;;;;;;;;;https://www.transfermarkt.ch/stelios-pozoglou/profil/spieler/292621;20230422110317
Griechenland;Super League 2;2.Liga;Panserraikos;21.0;Savvas Mourgos;400000.0;2023-02-27;400000.0;2023-02-27;€;25;173.0;Griechenland;links;Rechtsaußen;DRANGOLD AGENCY;;2022-07-05;2024-06-30;;;Griechenld. U19;4.0;0.0;78.0;75.0;;19.0;;;;;;;;;;;;;;;;http://www.instagram.com/savvasmourgos/;https://www.transfermarkt.ch/savvas-mourgos/profil/spieler/340323;20230422110351
Griechenland;;;Eolikos;10.0;Konstantinos Apostolopoulos;;;350000.0;2017-04-20;;29;173.0;Griechenland;rechts;Rechtsaußen;;;2021-08-06;2023-06-30;;;;;;;;;;;;;;;;;;;;;;;;;;https://www.transfermarkt.ch/konstantinos-apostolopoulos/profil/spieler/252437;20230422110406
Griechenland;Super League 2;2.Liga;Kallithea;25.0;Giannis Loukinas;350000.0;2023-02-27;500000.0;2015-09-27;€;31;185.0;Griechenland;rechts;Mittelstürmer;SG Agency;;2022-07-04;2024-06-30;;;Griechenld. U19;2.0;0.0;68.0;63.0;;27.0;;;;;;;;;;;;;;;;;https://www.transfermarkt.ch/giannis-loukinas/profil/spieler/105817;20230422110449
Griechenland;Super League 2;2.Liga;PS Kalamata;21.0;Giannis Pasas;350000.0;2023-02-27;400000.0;2016-12-21;€;32;184.0;Griechenland;links;Mittelstürmer;Elite Players Management;;2022-07-05;2024-06-30;;;;;;63.0;57.0;;28.0;;;;;;;;;;;;;;;;;https://www.transfermarkt.ch/giannis-pasas/profil/spieler/130149;20230422110510
Griechenland;Super League 2;2.Liga;Makedonikos;9.0;Alberto Simoni;125000.0;2023-02-27;125000.0;2023-02-27;€;26;182.0;Albanien;rechts;Mittelstürmer;Zafi Agent;;2022-08-09;2023-06-30;Gelbsperre - Super League 2bis 25.04.2023;;;;;79.0;72.0;;24.0;17.0;1.24;4.0;0;2;11;4.0;1;0;1236;;;1.0;0;309;;https://www.transfermarkt.ch/alberto-simoni/profil/spieler/567479;20230422110535
Griechenland;;;AEP Kozanis;;Georgios Vasiltsis;;;10000.0;2021-06-28;;20;;Griechenland;;Mittelstürmer;;;2022-07-01;2023-06-30;;;;;;;;;;;;;;;;;;;;;;;;;;https://www.transfermarkt.ch/georgios-vasiltsis/profil/spieler/689423;20230422110555
Griechenland;;;Golden Lion;;Evan Salines;;;25000.0;2021-06-28;;25;174.0;Martinique;links;Mittelfeld;;;2022-07-01;;;Martinique;;2.0;0.0;;;;;;;;;;;;;;;;;;;;;https://www.transfermarkt.ch/evan-salines/profil/spieler/755163;20230422110644
Griechenland;;;AO Diavolitsiou;;Panagiotis Roumeliotis;;;;;;19;;Griechenland;;Sturm;;;2022-09-12;2023-06-30;;;;;;;;;;;;;;;;;;;;;;;;;;https://www.transfermarkt.ch/panagiotis-roumeliotis/profil/spieler/737203;20230422110718
Griechenland;Super League 2;2.Liga;PS Kalamata;88.0;Dimitrios Tairis;200000.0;2023-02-27;300000.0;2015-06-07;€;33;184.0;Griechenland;rechts;Torwart;;;2020-08-31;2023-06-30;;;;;;89.0;89.0;20.0;;;;;;;;;;;;;;;;;;https://www.transfermarkt.ch/dimitrios-tairis/profil/spieler/125031;20230422110807
Kroatien;SuperSport HNL;1.Liga;Dinamo Zagreb;40.0;Dominik Livakovic;14000000.0;2022-12-23;15000000.0;2021-05-28;€;28;188.0;Kroatien;rechts;Torwart;CAA Stellar;;2015-08-31;2024-06-15;;Kroatien;;43.0;0.0;100.0;100.0;100.0;;29;2.28;0;0;0;0;1;0;0;2610;26;7;;;;http://www.instagram.com/dominiklivakovic40/;https://www.transfermarkt.ch/dominik-livakovic/profil/spieler/205927;20230422105457
Kroatien;SuperSport HNL;1.Liga;Dinamo Zagreb;33.0;Ivan Nevistic;1500000.0;2022-11-08;3000000.0;2020-12-28;€;24;195.0;Kroatien;rechts;Torwart;ohne Berater;Uhlsport;2021-01-28;2025-06-15;;;Kroatien U21;1.0;0.0;0.0;0.0;0.0;;0;;0;0;0;0;0;0;0;;0;0;;;;;https://www.transfermarkt.ch/ivan-nevistic/profil/spieler/293185;20230422105512
Kroatien;SuperSport HNL;1.Liga;Dinamo Zagreb;1.0;Danijel Zagorac;200000.0;2022-11-08;850000.0;2016-09-14;€;36;186.0;Kroatien;rechts;Torwart;MM Sports World;;2016-07-11;2026-06-30;;;;;;0.0;0.0;0.0;;0;;0;0;0;0;0;0;0;;0;0;;;;;https://www.transfermarkt.ch/danijel-zagorac/profil/spieler/131310;20230422105528
Kroatien;SuperSport HNL;1.Liga;Dinamo Zagreb;37.0;Josip Sutalo;18000000.0;2022-11-08;18000000.0;2022-11-08;€;23;188.0;Kroatien;rechts;Innenverteidiger;MN Sport;;2020-01-07;2028-06-15;;Kroatien;;6.0;0.0;66.0;63.0;;3.0;20;2.35;2;0;1;2;4;0;0;1646;;;0;0;823;;https://www.transfermarkt.ch/josip-sutalo/profil/spieler/371001;20230422105550
Kroatien;SuperSport HNL;1.Liga;Dinamo Zagreb;55.0;Dino Peric;5000000.0;2022-11-08;6000000.0;2019-12-27;€;28;197.0;Kroatien;links;Innenverteidiger;MG MEDIATOR TRANSFER;;2017-07-07;2026-06-15;;;Kroatien;2.0;0.0;66.0;65.0;;4.0;20;2.30;2;0;1;3;2;0;0;1707;;;1;0;854;;https://www.transfermarkt.ch/dino-peric/profil/spieler/240106;20230422105606
Kroatien;SuperSport HNL;1.Liga;Dinamo Zagreb;4.0;Bosko Sutalo;3000000.0;2022-11-08;3500000.0;2020-02-11;€;23;188.0;Kroatien;rechts;Innenverteidiger;PROSPORTM;;2022-07-01;2027-06-30;;;Kroatien U21;19.0;1.0;14.0;10.0;;1.0;4;2.50;1;0;0;2;0;0;0;274;;;0;0;274;http://www.instagram.com/bole_topp/;https://www.transfermarkt.ch/bosko-sutalo/profil/spieler/431698;20230422105623
Kroatien;SuperSport HNL;1.Liga;Dinamo Zagreb;39.0;Mauro Perkovic;2500000.0;2022-11-08;2500000.0;2022-11-08;€;20;185.0;Kroatien;links;Innenverteidiger;LSA;;2023-02-16;2023-06-15;;Kroatien U21;;2.0;0.0;69.0;70.0;;5.0;5;2.40;0;0;2;0;0;0;0;289;;;1;0;;;https://www.transfermarkt.ch/mauro-perkovic/profil/spieler/676266;20230422105639
Kroatien;SuperSport HNL;1.Liga;Dinamo Zagreb;28.0;Kévin Théophile-Catherine;1500000.0;2022-11-08;5000000.0;2013-01-07;€;33;183.0;Martinique;rechts;Innenverteidiger;;;2018-07-06;2023-06-30;;;Martinique;0.0;0.0;21.0;21.0;;1.0;6;1.67;0;0;0;0;0;0;0;540;;;1;0;;http://www.instagram.com/kevintheophilecofficial/;https://www.transfermarkt.ch/kevin-theophile-catherine/profil/spieler/60603;20230422105656
Kroatien;SuperSport HNL;1.Liga;Dinamo Zagreb;35.0;Jakov Gurlica;;;;;;19;;Kroatien;;Innenverteidiger;GreenField;;2023-01-02;2026-01-18;;;;;;0.0;1.0;;0.0;;;;;;;;;;;;;;;;;https://www.transfermarkt.ch/jakov-gurlica/profil/spieler/985061;20230422105712
Kroatien;SuperSport HNL;1.Liga;Dinamo Zagreb;14.0;Robert Ljubicic;3500000.0;2022-11-08;3500000.0;2022-11-08;€;23;178.0;Kroatien;links;Linker Verteidiger;Familienangehörige;;2022-07-01;2027-06-15;;;Österreich U21;1.0;0.0;76.0;75.0;;3.0;26;2.31;1;0;4;3;5;0;0;1958;;;1;0;1958;;https://www.transfermarkt.ch/robert-ljubicic/profil/spieler/353634;20230422105751
Kroatien;SuperSport HNL;1.Liga;Dinamo Zagreb;2.0;Sadegh Moharrami;2000000.0;2022-11-08;2000000.0;2022-11-08;€;27;174.0;Iran;rechts;Rechter Verteidiger;PIFA;;2018-07-02;2025-06-30;;Iran;;24.0;0.0;34.0;40.0;;3.0;19;2.32;0;0;9;1;1;0;0;1051;;;2;0;;;https://www.transfermarkt.ch/sadegh-moharrami/profil/spieler/294778;20230422105812
Kroatien;SuperSport HNL;1.Liga;Dinamo Zagreb;13.0;Stefan Ristovski;2000000.0;2022-11-08;4000000.0;2019-06-07;€;31;180.0;Nordmazedonien;rechts;Rechter Verteidiger;Leonardo Corsi;Nike;2021-02-02;2024-06-15;;Nordmazedonien;;77.0;2.0;72.0;70.0;;10.0;23;2.17;4;0;2;6;2;0;0;1822;;;3;0;456;http://www.instagram.com/stefan_ristovski_13/;https://www.transfermarkt.ch/stefan-ristovski/profil/spieler/104466;20230422105828
Kroatien;SuperSport HNL;1.Liga;Dinamo Zagreb;27.0;Josip Misic;3500000.0;2022-11-08;3500000.0;2022-11-08;€;28;187.0;Kroatien;rechts;Defensives Mittelfeld;MG MEDIATOR TRANSFER;;2021-07-01;2026-06-30;;;Kroatien;2.0;0.0;90.0;90.0;;3.0;28;2.32;2;0;2;4;2;1;0;2344;;;0;0;1172;;https://www.transfermarkt.ch/josip-misic/profil/spieler/227035;20230422105841
Kroatien;SuperSport HNL;1.Liga;Dinamo Zagreb;31.0;Marko Bulat;2500000.0;2022-11-08;3000000.0;2021-06-10;€;21;178.0;Kroatien;rechts;Defensives Mittelfeld;Familienangehörige;;2021-02-11;2027-06-30;;Kroatien U21;;3.0;0.0;14.0;19.0;;3.0;14;2.36;0;0;10;3;0;0;0;494;;;2;0;;;https://www.transfermarkt.ch/marko-bulat/profil/spieler/491039;20230422105856
Kroatien;SuperSport HNL;1.Liga;Dinamo Zagreb;;Fran Tomek;300000.0;2022-11-08;350000.0;2021-12-30;€;20;;Kroatien;;Defensives Mittelfeld;Marjan Sisic;;2022-07-01;2028-06-30;;;Kroatien U20;1.0;0.0;0.0;0.0;;0.0;1;0.00;0;0;1;0;1;0;0;3;;;0;0;;;https://www.transfermarkt.ch/fran-tomek/profil/spieler/502692;20230422105913
Kroatien;SuperSport HNL;1.Liga;Dinamo Zagreb;7.0;Luka Ivanusec;10000000.0;2022-11-08;13500000.0;2021-05-28;€;24;175.0;Kroatien;rechts;Offensives Mittelfeld;TTMA;;2019-08-19;2026-06-15;;Kroatien;;12.0;1.0;76.0;76.0;;17.0;26;2.38;8;0;4;8;3;0;0;1977;;;4;0;247;http://www.instagram.com/lukaivanusec/;https://www.transfermarkt.ch/luka-ivanusec/profil/spieler/387105;20230422105937
Kroatien;SuperSport HNL;1.Liga;Dinamo Zagreb;10.0;Martin Baturina;6500000.0;2022-11-08;6500000.0;2022-11-08;€;20;172.0;Kroatien;rechts;Offensives Mittelfeld;VPA Sports;;2021-07-01;2028-06-15;;Kroatien U21;;8.0;0.0;76.0;72.0;;20.0;27;2.30;5;0;5;10;2;0;0;1871;;;9;0;374;;https://www.transfermarkt.ch/martin-baturina/profil/spieler/580451;20230422105952
Kroatien;SuperSport HNL;1.Liga;Dinamo Zagreb;77.0;Dario Spikic;3000000.0;2022-11-08;3000000.0;2022-11-08;€;24;183.0;Kroatien;rechts;Linksaußen;VPA Sports;Nike;2021-02-04;2027-06-30;;;Kroatien U21;10.0;2.0;90.0;76.0;;14.0;28;2.25;5;0;2;20;0;0;0;1979;;;5;0;396;http://instagram.com/dariospikic?igshid=1qbrl5n0dyozk;https://www.transfermarkt.ch/dario-spikic/profil/spieler/403290;20230422110008
Kroatien;SuperSport HNL;1.Liga;Dinamo Zagreb;12.0;Petar Bockaj;2500000.0;2022-11-08;2500000.0;2021-12-30;€;26;179.0;Kroatien;links;Linksaußen;Damir Jozic;adidas;2022-01-18;2027-01-18;;;Kroatien U21;3.0;1.0;52.0;46.0;;12.0;18;2.11;2;0;3;8;2;0;0;1210;;;6;0;605;;https://www.transfermarkt.ch/petar-bockaj/profil/spieler/292666;20230422110022
Kroatien;SuperSport HNL;1.Liga;Dinamo Zagreb;70.0;Luka Menalo;2000000.0;2022-11-08;2500000.0;2021-12-30;€;26;181.0;Bosnien-Herzegowina;rechts;Linksaußen;Pharos Sport Agency;;2018-07-06;2026-06-15;;Bosnien;;13.0;3.0;14.0;20.0;;7.0;17;2.29;2;0;13;3;1;0;0;525;;;3;0;263;http://instagram.com/lukamenalo;https://www.transfermarkt.ch/luka-menalo/profil/spieler/316047;20230422110039
Kroatien;SuperSport HNL;1.Liga;Dinamo Zagreb;41.0;Gabrijel Rukavina;800000.0;2022-11-08;800000.0;2022-11-08;€;19;180.0;Kroatien;rechts;Linksaußen;Niagara Sports Company;;2022-07-01;2028-01-18;;Kroatien U19;;8.0;0.0;0.0;1.0;;0.0;4;3.00;0;0;4;0;0;0;0;36;;;0;0;;;https://www.transfermarkt.ch/gabrijel-rukavina/profil/spieler/743567;20230422110055
Kroatien;SuperSport HNL;1.Liga;Dinamo Zagreb;9.0;Bruno Petkovic;6000000.0;2022-11-08;13500000.0;2019-12-27;€;28;193.0;Kroatien;rechts;Mittelstürmer;Ivan Cvjetkovic;;2019-01-21;2024-06-30;;Kroatien;;29.0;7.0;45.0;52.0;;23.0;23;2.26;9;0;10;9;1;0;0;1343;;;7;4;149;http://www.instagram.com/brunopetkovicofficial/;https://www.transfermarkt.ch/bruno-petkovic/profil/spieler/256358;20230422110110
Kroatien;SuperSport HNL;1.Liga;Dinamo Zagreb;18.0;Josip Drmic;3000000.0;2022-11-08;12000000.0;2014-07-10;€;30;184.0;Schweiz;rechts;Mittelstürmer;Sports360 GmbH;adidas;2022-07-01;2024-06-30;;;Schweiz;35.0;10.0;62.0;61.0;;17.0;28;2.36;6;0;10;17;1;0;0;1586;;;6;0;264;http://www.instagram.com/josipdrmic.92;https://www.transfermarkt.ch/josip-drmic/profil/spieler/140579;20230422110125
Kroatien;SuperSport HNL;1.Liga;Hajduk Split;91.0;Lovre Kalinic;1500000.0;2022-11-08;7000000.0;2018-09-11;€;33;200.99999999999997;Kroatien;links;Torwart;Pharos Sport Agency;;2022-07-08;2025-06-30;KnieverletzungRückkehr voraussichtlich am 30.04.2023;Kroatien;;19.0;0.0;31.0;30.0;0.0;;9;2.00;0;0;0;2;1;0;0;794;9;4;;;;http://www.instagram.com/lovre_kalinic91/;https://www.transfermarkt.ch/lovre-kalinic/profil/spieler/46405;20230422110141
Kroatien;SuperSport HNL;1.Liga;Hajduk Split;30.0;Karlo Sentic;550000.0;2022-11-08;550000.0;2022-11-08;€;21;193.0;Kroatien;rechts;Torwart;LSA;;2021-07-01;2026-06-30;;Kroatien U21;;1.0;0.0;48.0;49.0;0.0;;16;1.88;0;0;2;0;0;0;0;1276;22;3;;;;;https://www.transfermarkt.ch/karlo-sentic/profil/spieler/632355;20230422110155
Kroatien;SuperSport HNL;1.Liga;Hajduk Split;13.0;Ivan Lucic;400000.0;2022-11-08;1000000.0;2019-12-16;€;28;194.0;Österreich;rechts;Torwart;Germania Sportagentur GmbH;;2023-01-18;2024-05-31;;;Österreich U21;1.0;0.0;25.0;25.0;0.0;;6;1.67;0;0;0;0;1;0;0;540;10;2;;;;http://www.instagram.com/ilucenzo/;https://www.transfermarkt.ch/ivan-lucic/profil/spieler/164145;20230422110212
Kroatien;SuperSport HNL;1.Liga;Hajduk Split;1.0;Danijel Subasic;50000.0;2022-11-08;6000000.0;2015-06-06;€;38;191.0;Kroatien;rechts;Torwart;TTMA;;2021-09-22;2023-05-31;;;Kroatien;44.0;0.0;0.0;0.0;0.0;;0;;0;0;0;0;1;0;0;;0;0;;;;http://www.instagram.com/danijel.subasic/;https://www.transfermarkt.ch/danijel-subasic/profil/spieler/27941;20230422110229
Kroatien;SuperSport HNL;1.Liga;Hajduk Split;25.0;Chidozie Awaziem;5000000.0;2022-11-08;6000000.0;2018-03-20;€;26;189.0;Nigeria;rechts;Innenverteidiger;10Management;;2022-08-02;2023-06-30;;Nigeria;;28.0;1.0;67.0;70.0;;10.0;21;1.81;4;0;3;0;7;0;0;1694;;;1;0;424;http://www.instagram.com/c.awaziem12/;https://www.transfermarkt.ch/chidozie-awaziem/profil/spieler/358143;20230422110248
Kroatien;SuperSport HNL;1.Liga;Hajduk Split;4.0;Ferro;2500000.0;2022-11-11;18000000.0;2019-12-30;€;26;191.0;Portugal;rechts;Innenverteidiger;Wasserman;;2023-02-15;2026-05-31;;;Portugal;0.0;0.0;88.0;83.0;;0.0;7;1.86;0;0;0;2;1;0;0;597;;;0;0;;http://www.instagram.com/fferro_97/;https://www.transfermarkt.ch/ferro/profil/spieler/294321;20230422110304
Kroatien;SuperSport HNL;1.Liga;Hajduk Split;5.0;Toni Borevkovic;2000000.0;2022-11-08;3500000.0;2021-01-28;€;25;193.0;Kroatien;rechts;Innenverteidiger;Marjan Sisic;;2022-07-01;2023-06-15;;;Kroatien U21;3.0;0.0;28.0;26.0;;0.0;9;1.67;0;0;1;0;0;0;1;679;;;0;0;;http://www.instagram.com/toniborevkovic/;https://www.transfermarkt.ch/toni-borevkovic/profil/spieler/396342;20230422110320
Kroatien;SuperSport HNL;1.Liga;Hajduk Split;19.0;Josip Elez;1100000.0;2022-11-08;4000000.0;2018-12-18;€;28;189.0;Kroatien;rechts;Innenverteidiger;Germania Sportagentur GmbH;;2021-07-01;2025-05-31;HüftproblemeRückkehr voraussichtlich am 01.05.2023;;Kroatien U21;2.0;0.0;31.0;31.0;;6.0;11;2.18;0;0;2;2;1;0;0;796;;;3;0;;http://instagram.com/josipelez16;https://www.transfermarkt.ch/josip-elez/profil/spieler/179895;20230422110340
Kroatien;SuperSport HNL;1.Liga;Hajduk Split;8.0;Stefan Simic;500000.0;2022-11-08;1000000.0;2019-12-27;€;28;189.0;Tschechien;rechts;Innenverteidiger;;Nike;2019-07-01;2023-06-30;;;Tschechien;2.0;0.0;38.0;38.0;;0.0;14;1.93;0;0;3;4;2;0;0;985;;;0;0;;;https://www.transfermarkt.ch/stefan-simic/profil/spieler/198613;20230422110355
Kroatien;SuperSport HNL;1.Liga;Hajduk Split;3.0;Dominik Prpic;50000.0;2022-11-08;50000.0;2022-11-08;€;18;188.0;Kroatien;links;Innenverteidiger;IDUB GLOBAL;;2022-07-01;2025-05-31;;Kroatien U19;;5.0;1.0;14.0;14.0;;0.0;5;2.00;0;0;1;0;2;0;0;364;;;0;0;;;https://www.transfermarkt.ch/dominik-prpic/profil/spieler/921533;20230422110412
Kroatien;SuperSport HNL;1.Liga;Hajduk Split;44.0;Luka Vuskovic;;;;;;16;193.0;Kroatien;rechts;Innenverteidiger;;;2023-02-24;2026-01-18;;Kroatien U17;;5.0;1.0;86.0;81.0;;0.0;;;;;;;;;;;;;;;;http://instagram.com/lukavuskovic;https://www.transfermarkt.ch/luka-vuskovic/profil/spieler/892160;20230422110425
Kroatien;SuperSport HNL;1.Liga;Hajduk Split;17.0;Dario Melnjak;2500000.0;2022-11-08;2700000.0;2020-01-03;€;30;180.0;Kroatien;links;Linker Verteidiger;Love Players;;2021-09-23;2024-05-31;;;Kroatien;8.0;0.0;93.0;94.0;;17.0;28;1.82;3;0;1;0;0;0;0;2460;;;6;0;820;http://www.instagram.com/d_melnjak/;https://www.transfermarkt.ch/dario-melnjak/profil/spieler/238500;20230422110450
Kroatien;SuperSport HNL;1.Liga;Hajduk Split;33.0;Elvis Letaj;250000.0;2022-12-15;250000.0;2022-12-15;€;19;177.0;Kosovo;links;Linker Verteidiger;;;2022-07-01;2025-05-31;;Kosovo U21;;0.0;0.0;0.0;3.0;;0.0;1;3.00;0;0;1;0;1;0;0;29;;;0;0;;;https://www.transfermarkt.ch/elvis-letaj/profil/spieler/717882;20230422110509
Kroatien;SuperSport HNL;1.Liga;Hajduk Split;24.0;Dino Mikanovic;1200000.0;2022-11-08;2000000.0;2020-12-11;€;28;174.0;Kroatien;rechts;Rechter Verteidiger;IDUB GLOBAL;;2022-01-28;2024-05-31;;;Kroatien U21;13.0;0.0;48.0;54.0;;4.0;23;2.00;1;0;9;5;7;0;0;1418;;;1;0;1418;http://www.instagram.com/mikanovic2/;https://www.transfermarkt.ch/dino-mikanovic/profil/spieler/229625;20230422110528
Kroatien;SuperSport HNL;1.Liga;Hajduk Split;26.0;Gergő Lovrencsics;250000.0;2022-11-08;1500000.0;2014-07-21;€;34;177.0;Ungarn;rechts;Rechter Verteidiger;Michael R. Nagy Sportmanagemen;adidas;2021-07-05;2023-06-30;;;Ungarn;44.0;1.0;38.0;31.0;;2.0;18;1.83;0;0;7;11;4;0;0;817;;;1;0;;http://www.instagram.com/lovrencsicsgergo_official;https://www.transfermarkt.ch/gerg%C5%91-lovrencsics/profil/spieler/110746;20230422110544
Kroatien;SuperSport HNL;1.Liga;Hajduk Split;;Tvrtko Buljan;50000.0;2022-12-30;100000.0;2022-06-14;€;21;185.0;Kroatien;;Rechter Verteidiger;GreenField;;2021-07-01;2023-06-30;;;;;;;;;;;;;;;;;;;;;;;;;;https://www.transfermarkt.ch/tvrtko-buljan/profil/spieler/927595;20230422110555
Kroatien;SuperSport HNL;1.Liga;Hajduk Split;14.0;Lukas Grgic;1500000.0;2022-11-08;1500000.0;2022-06-06;€;27;183.0;Österreich;links;Defensives Mittelfeld;Germania Sportagentur GmbH;;2022-01-18;2026-05-31;;;Österreich U20;0.0;0.0;55.0;56.0;;6.0;22;1.50;1;0;6;12;4;0;0;1457;;;2;0;1457;;https://www.transfermarkt.ch/lukas-grgic/profil/spieler/224871;20230422110619
Kroatien;SuperSport HNL;1.Liga;Hajduk Split;6.0;Marco Fossati;1000000.0;2022-11-08;2600000.0;2016-12-19;€;30;180.0;Italien;rechts;Defensives Mittelfeld;Goodjohn Srl;;2021-08-31;2023-05-31;;;Italien U21;5.0;0.0;52.0;47.0;;2.0;21;1.67;0;0;6;10;5;0;0;1216;;;1;0;;http://www.instagram.com/marcoeziofossati/;https://www.transfermarkt.ch/marco-fossati/profil/spieler/110931;20230422110636
Kroatien;SuperSport HNL;1.Liga;Hajduk Split;;Ivan Calusic;350000.0;2022-11-08;350000.0;2022-06-26;€;23;187.0;Kroatien;rechts;Defensives Mittelfeld;Germania Sportagentur GmbH;;2021-07-01;2025-05-31;KnieverletzungRückkehr unbekannt;;;;;;;;;;;;;;;;;;;;;;;;;https://www.transfermarkt.ch/ivan-calusic/profil/spieler/641060;20230422110651
Kroatien;SuperSport HNL;1.Liga;Hajduk Split;34.0;Marko Capan;;;;;;19;180.0;Kroatien;links;Defensives Mittelfeld;MSports PRO;;2023-01-02;2026-05-31;;Kroatien U19;;3.0;0.0;25.0;17.0;;10.0;4;2.25;0;0;1;3;0;0;0;188;;;2;0;;;https://www.transfermarkt.ch/marko-capan/profil/spieler/921512;20230422110714
Kroatien;SuperSport HNL;1.Liga;Hajduk Split;21.0;Rokas Pukstas;1000000.0;2022-12-30;1000000.0;2022-12-30;€;18;181.0;Vereinigte Staaten;rechts;Zentrales Mittelfeld;Henry Codron;;2022-07-01;2025-01-31;;USA U20;;13.0;1.0;38.0;39.0;;9.0;17;1.88;4;0;6;2;2;0;0;1028;;;1;0;257;;https://www.transfermarkt.ch/rokas-pukstas/profil/spieler/887816;20230422110754
Kroatien;SuperSport HNL;1.Liga;Hajduk Split;23.0;Filip Krovinovic;5000000.0;2022-11-08;7000000.0;2018-02-07;€;27;175.0;Kroatien;rechts;Offensives Mittelfeld;Marjan Sisic;;2021-07-20;2024-05-31;;;Kroatien U21;11.0;1.0;97.0;95.0;;8.0;28;1.93;1;0;0;8;3;0;0;2488;;;3;0;2488;http://www.instagram.com/filipkrovinovic/;https://www.transfermarkt.ch/filip-krovinovic/profil/spieler/261988;20230422110812
Kroatien;SuperSport HNL;1.Liga;Hajduk Split;11.0;Yassine Benrahou;2200000.0;2022-10-28;4000000.0;2020-08-03;€;24;172.0;Marokko;links;Offensives Mittelfeld;2SAgency;;2023-01-26;2026-05-31;;;Marokko U20;0.0;0.0;45.0;58.0;;22.0;11;1.45;1;0;6;2;2;0;0;576;;;3;0;576;http://www.instagram.com/ybenrahou10/;https://www.transfermarkt.ch/yassine-benrahou/profil/spieler/344599;20230422110827
